-- phpMyAdmin SQL Dump
-- version 5.0.2
-- https://www.phpmyadmin.net/
--
-- Host: 127.0.0.1:3306
-- Generation Time: Jan 24, 2021 at 06:10 PM
-- Server version: 5.7.31
-- PHP Version: 7.3.21

SET SQL_MODE = "NO_AUTO_VALUE_ON_ZERO";
START TRANSACTION;
SET time_zone = "+00:00";


/*!40101 SET @OLD_CHARACTER_SET_CLIENT=@@CHARACTER_SET_CLIENT */;
/*!40101 SET @OLD_CHARACTER_SET_RESULTS=@@CHARACTER_SET_RESULTS */;
/*!40101 SET @OLD_COLLATION_CONNECTION=@@COLLATION_CONNECTION */;
/*!40101 SET NAMES utf8mb4 */;

--
-- Database: `ec-pro`
--

-- --------------------------------------------------------

--
-- Table structure for table `admins`
--

DROP TABLE IF EXISTS `admins`;
CREATE TABLE IF NOT EXISTS `admins` (
  `id` bigint(20) UNSIGNED NOT NULL AUTO_INCREMENT,
  `name` varchar(191) COLLATE utf8mb4_unicode_ci NOT NULL,
  `image` varchar(191) COLLATE utf8mb4_unicode_ci DEFAULT NULL,
  `email` varchar(191) COLLATE utf8mb4_unicode_ci NOT NULL,
  `email_verified_at` timestamp NULL DEFAULT NULL,
  `password` varchar(191) COLLATE utf8mb4_unicode_ci NOT NULL,
  `remember_token` varchar(100) COLLATE utf8mb4_unicode_ci DEFAULT NULL,
  `current_team_id` bigint(20) UNSIGNED DEFAULT NULL,
  `profile_photo_path` text COLLATE utf8mb4_unicode_ci,
  `is_active` tinyint(1) NOT NULL DEFAULT '1',
  `deleted_at` timestamp NULL DEFAULT NULL,
  `created_at` timestamp NULL DEFAULT NULL,
  `updated_at` timestamp NULL DEFAULT NULL,
  PRIMARY KEY (`id`),
  UNIQUE KEY `admins_email_unique` (`email`)
) ENGINE=MyISAM AUTO_INCREMENT=2 DEFAULT CHARSET=utf8mb4 COLLATE=utf8mb4_unicode_ci;

--
-- Dumping data for table `admins`
--

INSERT INTO `admins` (`id`, `name`, `image`, `email`, `email_verified_at`, `password`, `remember_token`, `current_team_id`, `profile_photo_path`, `is_active`, `deleted_at`, `created_at`, `updated_at`) VALUES
(1, 'Emad-admin', NULL, 'emade09@gmail.com', '2021-01-18 13:50:59', '$2y$10$J2IfZx8Cz70wMFuzHF2RFuUHwa4vnEtPxUddgDruCQyYdAaxAFgdi', NULL, NULL, NULL, 1, NULL, '2021-01-18 13:50:13', '2021-01-18 13:50:13');

-- --------------------------------------------------------

--
-- Table structure for table `admin_translations`
--

DROP TABLE IF EXISTS `admin_translations`;
CREATE TABLE IF NOT EXISTS `admin_translations` (
  `id` bigint(20) UNSIGNED NOT NULL AUTO_INCREMENT,
  `admin_id` int(10) UNSIGNED NOT NULL,
  `locale` varchar(191) COLLATE utf8mb4_unicode_ci NOT NULL,
  `fName` varchar(191) COLLATE utf8mb4_unicode_ci DEFAULT NULL,
  `lName` varchar(191) COLLATE utf8mb4_unicode_ci DEFAULT NULL,
  PRIMARY KEY (`id`),
  UNIQUE KEY `admin_translations_admin_id_locale_unique` (`admin_id`,`locale`)
) ENGINE=MyISAM DEFAULT CHARSET=utf8mb4 COLLATE=utf8mb4_unicode_ci;

-- --------------------------------------------------------

--
-- Table structure for table `brands`
--

DROP TABLE IF EXISTS `brands`;
CREATE TABLE IF NOT EXISTS `brands` (
  `id` bigint(20) UNSIGNED NOT NULL AUTO_INCREMENT,
  `user_id` int(11) NOT NULL,
  `image` varchar(191) COLLATE utf8mb4_unicode_ci DEFAULT NULL,
  `is_active` tinyint(1) NOT NULL,
  `created_at` timestamp NULL DEFAULT NULL,
  `updated_at` timestamp NULL DEFAULT NULL,
  PRIMARY KEY (`id`)
) ENGINE=MyISAM AUTO_INCREMENT=12 DEFAULT CHARSET=utf8mb4 COLLATE=utf8mb4_unicode_ci;

--
-- Dumping data for table `brands`
--

INSERT INTO `brands` (`id`, `user_id`, `image`, `is_active`, `created_at`, `updated_at`) VALUES
(3, 1, '1689612956254111.jpg', 1, '2021-01-22 16:34:41', '2021-01-22 16:34:41'),
(4, 1, '1689613119353523.jpg', 1, '2021-01-22 16:37:17', '2021-01-22 16:37:17'),
(5, 1, '1689613251782391.jpg', 1, '2021-01-22 16:39:23', '2021-01-22 16:39:23'),
(6, 1, '1689613315317449.jpeg', 1, '2021-01-22 16:40:23', '2021-01-22 16:40:23'),
(7, 1, '1689653201755527.png', 1, '2021-01-23 03:14:23', '2021-01-23 03:14:23'),
(8, 1, '1689653241653001.png', 1, '2021-01-23 03:15:00', '2021-01-23 03:15:00'),
(9, 1, '1689653260136054.png', 1, '2021-01-23 03:15:17', '2021-01-23 03:15:17'),
(10, 1, '1689653279392414.jpg', 1, '2021-01-23 03:15:36', '2021-01-23 03:15:36'),
(11, 1, '1689653302664362.jpg', 1, '2021-01-23 03:15:58', '2021-01-23 03:15:58');

-- --------------------------------------------------------

--
-- Table structure for table `brand_translations`
--

DROP TABLE IF EXISTS `brand_translations`;
CREATE TABLE IF NOT EXISTS `brand_translations` (
  `id` bigint(20) UNSIGNED NOT NULL AUTO_INCREMENT,
  `brand_id` int(11) NOT NULL,
  `locale` varchar(191) COLLATE utf8mb4_unicode_ci NOT NULL,
  `brand_name` varchar(191) COLLATE utf8mb4_unicode_ci NOT NULL,
  PRIMARY KEY (`id`),
  UNIQUE KEY `brand_translations_brand_id_locale_unique` (`brand_id`,`locale`)
) ENGINE=MyISAM AUTO_INCREMENT=14 DEFAULT CHARSET=utf8mb4 COLLATE=utf8mb4_unicode_ci;

--
-- Dumping data for table `brand_translations`
--

INSERT INTO `brand_translations` (`id`, `brand_id`, `locale`, `brand_name`) VALUES
(1, 1, 'ar', 'هاتف سامسونج  الأسم العربي'),
(2, 2, 'ar', 'هاتف سامسونج 2'),
(3, 1, 'en', 'The English name 2'),
(4, 2, 'en', 'Brand name en 2'),
(5, 3, 'ar', 'اتش بي'),
(6, 4, 'ar', 'ديل'),
(7, 5, 'ar', 'أسوس'),
(8, 6, 'ar', 'سامسونج'),
(9, 7, 'ar', 'لينوفو'),
(10, 8, 'ar', 'ليفاس'),
(11, 9, 'ar', 'اديداس'),
(12, 10, 'ar', 'جيسي'),
(13, 11, 'ar', 'نيك');

-- --------------------------------------------------------

--
-- Table structure for table `categories`
--

DROP TABLE IF EXISTS `categories`;
CREATE TABLE IF NOT EXISTS `categories` (
  `id` bigint(20) UNSIGNED NOT NULL AUTO_INCREMENT,
  `user_id` int(11) NOT NULL,
  `slug` varchar(191) COLLATE utf8mb4_unicode_ci NOT NULL,
  `is_active` tinyint(1) NOT NULL,
  `_lft` int(10) UNSIGNED NOT NULL DEFAULT '0',
  `_rgt` int(10) UNSIGNED NOT NULL DEFAULT '0',
  `parent_id` int(10) UNSIGNED DEFAULT NULL,
  `deleted_at` timestamp NULL DEFAULT NULL,
  `created_at` timestamp NULL DEFAULT NULL,
  `updated_at` timestamp NULL DEFAULT NULL,
  PRIMARY KEY (`id`),
  KEY `categories__lft__rgt_parent_id_index` (`_lft`,`_rgt`,`parent_id`)
) ENGINE=MyISAM AUTO_INCREMENT=22 DEFAULT CHARSET=utf8mb4 COLLATE=utf8mb4_unicode_ci;

--
-- Dumping data for table `categories`
--

INSERT INTO `categories` (`id`, `user_id`, `slug`, `is_active`, `_lft`, `_rgt`, `parent_id`, `deleted_at`, `created_at`, `updated_at`) VALUES
(1, 1, 'vdfdffgdfgsdshgf  sdghfg', 1, 1, 4, NULL, '2021-01-22 13:44:08', '2021-01-19 02:01:38', '2021-01-22 13:44:08'),
(3, 1, 'fgege', 1, 2, 3, 1, '2021-01-22 13:44:08', '2021-01-20 11:34:14', '2021-01-22 13:44:08'),
(4, 1, 'إلكترونيات', 1, 5, 26, NULL, NULL, '2021-01-22 16:19:16', '2021-01-22 16:19:16'),
(5, 1, 'كمبيوتر', 1, 6, 13, 4, NULL, '2021-01-22 16:21:15', '2021-01-22 16:21:15'),
(6, 1, 'أدوات الكمبيوتر', 1, 14, 19, 4, NULL, '2021-01-22 16:21:30', '2021-01-22 16:21:30'),
(7, 1, 'تليفزيونات', 1, 20, 25, 4, NULL, '2021-01-22 16:22:04', '2021-01-22 16:22:04'),
(8, 1, 'اتش بي', 1, 7, 8, 5, NULL, '2021-01-22 16:22:36', '2021-01-22 16:22:36'),
(9, 1, 'ديل', 1, 9, 10, 5, NULL, '2021-01-22 16:22:54', '2021-01-22 16:22:54'),
(10, 1, 'لينوفو', 1, 11, 12, 5, NULL, '2021-01-22 16:23:10', '2021-01-22 16:23:10'),
(11, 1, 'سامعات', 1, 15, 16, 6, NULL, '2021-01-22 16:23:42', '2021-01-22 16:23:42'),
(12, 1, 'شاشات', 1, 17, 18, 6, NULL, '2021-01-22 16:24:08', '2021-01-22 16:24:08'),
(13, 1, 'اكسسوارات', 1, 21, 22, 7, NULL, '2021-01-22 16:24:39', '2021-01-22 16:24:39'),
(14, 1, 'كابلات', 1, 23, 24, 7, NULL, '2021-01-22 16:25:01', '2021-01-22 16:25:01'),
(15, 1, 'المنزل والمطبخ', 1, 27, 40, NULL, NULL, '2021-01-22 16:25:44', '2021-01-22 16:25:44'),
(16, 1, 'الأثاث', 1, 28, 33, 15, NULL, '2021-01-22 16:26:15', '2021-01-22 16:26:15'),
(17, 1, 'ديكور المنزل', 1, 34, 39, 15, NULL, '2021-01-22 16:26:28', '2021-01-22 16:26:28'),
(18, 1, 'الأثاث المكتبي', 1, 29, 30, 16, NULL, '2021-01-22 16:27:27', '2021-01-22 16:27:27'),
(19, 1, 'الكراسي والمقاعد', 1, 31, 32, 16, NULL, '2021-01-22 16:27:48', '2021-01-22 16:27:48'),
(20, 1, 'لوحات فنية', 1, 35, 36, 17, NULL, '2021-01-22 16:28:14', '2021-01-22 16:28:14'),
(21, 1, 'ستائر', 1, 37, 38, 17, NULL, '2021-01-22 16:28:31', '2021-01-22 16:28:31');

-- --------------------------------------------------------

--
-- Table structure for table `categoryables`
--

DROP TABLE IF EXISTS `categoryables`;
CREATE TABLE IF NOT EXISTS `categoryables` (
  `id` bigint(20) UNSIGNED NOT NULL AUTO_INCREMENT,
  `category_id` int(11) NOT NULL,
  `categoryable_id` int(11) NOT NULL,
  `categoryable_type` varchar(191) COLLATE utf8mb4_unicode_ci NOT NULL,
  `deleted_at` timestamp NULL DEFAULT NULL,
  `created_at` timestamp NULL DEFAULT NULL,
  `updated_at` timestamp NULL DEFAULT NULL,
  PRIMARY KEY (`id`)
) ENGINE=MyISAM AUTO_INCREMENT=6 DEFAULT CHARSET=utf8mb4 COLLATE=utf8mb4_unicode_ci;

--
-- Dumping data for table `categoryables`
--

INSERT INTO `categoryables` (`id`, `category_id`, `categoryable_id`, `categoryable_type`, `deleted_at`, `created_at`, `updated_at`) VALUES
(5, 10, 20, 'App\\Models\\Product', NULL, NULL, NULL),
(4, 8, 20, 'App\\Models\\Product', NULL, NULL, NULL);

-- --------------------------------------------------------

--
-- Table structure for table `category_translations`
--

DROP TABLE IF EXISTS `category_translations`;
CREATE TABLE IF NOT EXISTS `category_translations` (
  `id` int(10) UNSIGNED NOT NULL AUTO_INCREMENT,
  `category_id` int(10) UNSIGNED NOT NULL,
  `locale` varchar(191) COLLATE utf8mb4_unicode_ci NOT NULL,
  `category_name` varchar(191) COLLATE utf8mb4_unicode_ci NOT NULL,
  `description` text COLLATE utf8mb4_unicode_ci,
  `deleted_at` timestamp NULL DEFAULT NULL,
  `created_at` timestamp NULL DEFAULT NULL,
  `updated_at` timestamp NULL DEFAULT NULL,
  PRIMARY KEY (`id`),
  UNIQUE KEY `category_translations_category_id_locale_unique` (`category_id`,`locale`)
) ENGINE=MyISAM AUTO_INCREMENT=22 DEFAULT CHARSET=utf8mb4 COLLATE=utf8mb4_unicode_ci;

--
-- Dumping data for table `category_translations`
--

INSERT INTO `category_translations` (`id`, `category_id`, `locale`, `category_name`, `description`, `deleted_at`, `created_at`, `updated_at`) VALUES
(1, 1, 'ar', 'bh', NULL, NULL, NULL, NULL),
(2, 2, 'ar', 'bh', NULL, NULL, NULL, NULL),
(3, 3, 'ar', 'dfdgge', NULL, NULL, NULL, NULL),
(4, 4, 'ar', 'إلكترونيات', NULL, NULL, NULL, NULL),
(5, 5, 'ar', 'كمبيوتر', NULL, NULL, NULL, NULL),
(6, 6, 'ar', 'أدوات الكمبيوتر', NULL, NULL, NULL, NULL),
(7, 7, 'ar', 'تليفزيونات', NULL, NULL, NULL, NULL),
(8, 8, 'ar', 'اتش بي', NULL, NULL, NULL, NULL),
(9, 9, 'ar', 'ديل', NULL, NULL, NULL, NULL),
(10, 10, 'ar', 'لينوفو', NULL, NULL, NULL, NULL),
(11, 11, 'ar', 'سامعات', NULL, NULL, NULL, NULL),
(12, 12, 'ar', 'شاشات', NULL, NULL, NULL, NULL),
(13, 13, 'ar', 'اكسسوارات', NULL, NULL, NULL, NULL),
(14, 14, 'ar', 'كابلات', NULL, NULL, NULL, NULL),
(15, 15, 'ar', 'المنزل والمطبخ', NULL, NULL, NULL, NULL),
(16, 16, 'ar', 'الأثاث', NULL, NULL, NULL, NULL),
(17, 17, 'ar', 'ديكور المنزل', NULL, NULL, NULL, NULL),
(18, 18, 'ar', 'الأثاث المكتبي', NULL, NULL, NULL, NULL),
(19, 19, 'ar', 'الكراسي والمقاعد', NULL, NULL, NULL, NULL),
(20, 20, 'ar', 'لوحات فنية', NULL, NULL, NULL, NULL),
(21, 21, 'ar', 'ستائر', NULL, NULL, NULL, NULL);

-- --------------------------------------------------------

--
-- Table structure for table `coupons`
--

DROP TABLE IF EXISTS `coupons`;
CREATE TABLE IF NOT EXISTS `coupons` (
  `id` bigint(20) UNSIGNED NOT NULL AUTO_INCREMENT,
  `user_id` int(11) NOT NULL,
  `code` varchar(191) COLLATE utf8mb4_unicode_ci NOT NULL,
  `discount` varchar(191) COLLATE utf8mb4_unicode_ci NOT NULL,
  `is_active` tinyint(1) NOT NULL,
  `created_at` timestamp NULL DEFAULT NULL,
  `updated_at` timestamp NULL DEFAULT NULL,
  PRIMARY KEY (`id`)
) ENGINE=MyISAM AUTO_INCREMENT=13 DEFAULT CHARSET=utf8mb4 COLLATE=utf8mb4_unicode_ci;

--
-- Dumping data for table `coupons`
--

INSERT INTO `coupons` (`id`, `user_id`, `code`, `discount`, `is_active`, `created_at`, `updated_at`) VALUES
(10, 1, 'W1', '12', 1, '2021-01-22 16:55:53', '2021-01-22 16:55:53'),
(9, 1, 'e12', '10', 1, '2021-01-22 16:42:16', '2021-01-22 16:42:16');

-- --------------------------------------------------------

--
-- Table structure for table `failed_jobs`
--

DROP TABLE IF EXISTS `failed_jobs`;
CREATE TABLE IF NOT EXISTS `failed_jobs` (
  `id` bigint(20) UNSIGNED NOT NULL AUTO_INCREMENT,
  `uuid` varchar(191) COLLATE utf8mb4_unicode_ci NOT NULL,
  `connection` text COLLATE utf8mb4_unicode_ci NOT NULL,
  `queue` text COLLATE utf8mb4_unicode_ci NOT NULL,
  `payload` longtext COLLATE utf8mb4_unicode_ci NOT NULL,
  `exception` longtext COLLATE utf8mb4_unicode_ci NOT NULL,
  `failed_at` timestamp NOT NULL DEFAULT CURRENT_TIMESTAMP,
  PRIMARY KEY (`id`),
  UNIQUE KEY `failed_jobs_uuid_unique` (`uuid`)
) ENGINE=MyISAM DEFAULT CHARSET=utf8mb4 COLLATE=utf8mb4_unicode_ci;

-- --------------------------------------------------------

--
-- Table structure for table `migrations`
--

DROP TABLE IF EXISTS `migrations`;
CREATE TABLE IF NOT EXISTS `migrations` (
  `id` int(10) UNSIGNED NOT NULL AUTO_INCREMENT,
  `migration` varchar(191) COLLATE utf8mb4_unicode_ci NOT NULL,
  `batch` int(11) NOT NULL,
  PRIMARY KEY (`id`)
) ENGINE=MyISAM AUTO_INCREMENT=64 DEFAULT CHARSET=utf8mb4 COLLATE=utf8mb4_unicode_ci;

--
-- Dumping data for table `migrations`
--

INSERT INTO `migrations` (`id`, `migration`, `batch`) VALUES
(27, '2014_10_12_000000_create_users_table', 1),
(28, '2014_10_12_100000_create_password_resets_table', 1),
(29, '2014_10_12_200000_add_two_factor_columns_to_users_table', 1),
(30, '2019_08_19_000000_create_failed_jobs_table', 1),
(31, '2019_12_14_000001_create_personal_access_tokens_table', 1),
(32, '2021_01_14_035921_create_categories_table', 1),
(33, '2021_01_14_045312_create_category_translations_table', 1),
(34, '2021_01_15_085008_create_brands_table', 1),
(35, '2021_01_15_085550_create_brand_translations_table', 1),
(36, '2021_01_17_101723_create_sessions_table', 1),
(37, '2021_01_17_170357_create_admins_table', 1),
(38, '2021_01_18_050150_create_admin_translations_table', 1),
(39, '2021_01_18_122139_create_user_translations_table', 1),
(41, '2021_01_19_051524_create_coupons_table', 2),
(42, '2021_01_19_125117_create_newsletters_table', 3),
(55, '2021_01_19_151959_create_products_table', 4),
(56, '2021_01_21_170703_create_product_translations_table', 4),
(61, '2021_01_22_132206_create_posts_table', 5),
(62, '2021_01_22_132226_create_post_translations_table', 5),
(63, '2021_01_23_132400_create_categoryables_table', 6);

-- --------------------------------------------------------

--
-- Table structure for table `newsletters`
--

DROP TABLE IF EXISTS `newsletters`;
CREATE TABLE IF NOT EXISTS `newsletters` (
  `id` bigint(20) UNSIGNED NOT NULL AUTO_INCREMENT,
  `email` varchar(191) COLLATE utf8mb4_unicode_ci NOT NULL,
  `verified` timestamp NULL DEFAULT NULL,
  `is_active` tinyint(1) NOT NULL DEFAULT '1',
  `created_at` timestamp NULL DEFAULT NULL,
  `updated_at` timestamp NULL DEFAULT NULL,
  PRIMARY KEY (`id`),
  UNIQUE KEY `newsletters_email_unique` (`email`)
) ENGINE=MyISAM AUTO_INCREMENT=6 DEFAULT CHARSET=utf8mb4 COLLATE=utf8mb4_unicode_ci;

--
-- Dumping data for table `newsletters`
--

INSERT INTO `newsletters` (`id`, `email`, `verified`, `is_active`, `created_at`, `updated_at`) VALUES
(1, 'hagre09@gmail.com', NULL, 1, '2021-01-19 11:36:23', '2021-01-19 11:49:49'),
(2, 'emade09@gmail.com', NULL, 0, '2021-01-19 12:18:13', '2021-01-22 13:35:36'),
(3, '01124414458@ds.hj', NULL, 1, '2021-01-19 12:20:35', '2021-01-19 15:10:13');

-- --------------------------------------------------------

--
-- Table structure for table `password_resets`
--

DROP TABLE IF EXISTS `password_resets`;
CREATE TABLE IF NOT EXISTS `password_resets` (
  `email` varchar(191) COLLATE utf8mb4_unicode_ci NOT NULL,
  `token` varchar(191) COLLATE utf8mb4_unicode_ci NOT NULL,
  `created_at` timestamp NULL DEFAULT NULL,
  KEY `password_resets_email_index` (`email`)
) ENGINE=MyISAM DEFAULT CHARSET=utf8mb4 COLLATE=utf8mb4_unicode_ci;

--
-- Dumping data for table `password_resets`
--

INSERT INTO `password_resets` (`email`, `token`, `created_at`) VALUES
('hagre09@gmail.com', '$2y$10$CeUVslrjIWTTAjLVt7RcueJGKyl4DFYxt9HMJBjn/YPZ6MQtpG.uS', '2021-01-20 06:57:05');

-- --------------------------------------------------------

--
-- Table structure for table `personal_access_tokens`
--

DROP TABLE IF EXISTS `personal_access_tokens`;
CREATE TABLE IF NOT EXISTS `personal_access_tokens` (
  `id` bigint(20) UNSIGNED NOT NULL AUTO_INCREMENT,
  `tokenable_type` varchar(191) COLLATE utf8mb4_unicode_ci NOT NULL,
  `tokenable_id` bigint(20) UNSIGNED NOT NULL,
  `name` varchar(191) COLLATE utf8mb4_unicode_ci NOT NULL,
  `token` varchar(64) COLLATE utf8mb4_unicode_ci NOT NULL,
  `abilities` text COLLATE utf8mb4_unicode_ci,
  `last_used_at` timestamp NULL DEFAULT NULL,
  `created_at` timestamp NULL DEFAULT NULL,
  `updated_at` timestamp NULL DEFAULT NULL,
  PRIMARY KEY (`id`),
  UNIQUE KEY `personal_access_tokens_token_unique` (`token`),
  KEY `personal_access_tokens_tokenable_type_tokenable_id_index` (`tokenable_type`,`tokenable_id`)
) ENGINE=MyISAM DEFAULT CHARSET=utf8mb4 COLLATE=utf8mb4_unicode_ci;

-- --------------------------------------------------------

--
-- Table structure for table `posts`
--

DROP TABLE IF EXISTS `posts`;
CREATE TABLE IF NOT EXISTS `posts` (
  `id` bigint(20) UNSIGNED NOT NULL AUTO_INCREMENT,
  `user_id` int(11) DEFAULT NULL,
  `category_id` int(11) DEFAULT NULL,
  `image` varchar(191) COLLATE utf8mb4_unicode_ci DEFAULT NULL,
  `is_active` tinyint(1) NOT NULL DEFAULT '0',
  `deleted_at` timestamp NULL DEFAULT NULL,
  `created_at` timestamp NULL DEFAULT NULL,
  `updated_at` timestamp NULL DEFAULT NULL,
  PRIMARY KEY (`id`)
) ENGINE=MyISAM AUTO_INCREMENT=3 DEFAULT CHARSET=utf8mb4 COLLATE=utf8mb4_unicode_ci;

-- --------------------------------------------------------

--
-- Table structure for table `post_translations`
--

DROP TABLE IF EXISTS `post_translations`;
CREATE TABLE IF NOT EXISTS `post_translations` (
  `id` bigint(20) UNSIGNED NOT NULL AUTO_INCREMENT,
  `post_id` int(10) UNSIGNED NOT NULL,
  `locale` varchar(191) COLLATE utf8mb4_unicode_ci NOT NULL,
  `post_title` varchar(191) COLLATE utf8mb4_unicode_ci NOT NULL,
  `post_details` text COLLATE utf8mb4_unicode_ci,
  `post_tags` text COLLATE utf8mb4_unicode_ci,
  PRIMARY KEY (`id`),
  UNIQUE KEY `post_translations_post_id_locale_unique` (`post_id`,`locale`)
) ENGINE=MyISAM AUTO_INCREMENT=3 DEFAULT CHARSET=utf8mb4 COLLATE=utf8mb4_unicode_ci;

--
-- Dumping data for table `post_translations`
--

INSERT INTO `post_translations` (`id`, `post_id`, `locale`, `post_title`, `post_details`, `post_tags`) VALUES
(1, 1, 'ar', 'منشور 1', '<p>fwewr</p>', 'rwerwr'),
(2, 2, 'ar', 'منشور 12', '<p>lka,v 2</p>', 'tst,ads,d');

-- --------------------------------------------------------

--
-- Table structure for table `products`
--

DROP TABLE IF EXISTS `products`;
CREATE TABLE IF NOT EXISTS `products` (
  `id` bigint(20) UNSIGNED NOT NULL AUTO_INCREMENT,
  `user_id` int(11) DEFAULT NULL,
  `category_id` int(11) DEFAULT NULL,
  `brand_id` int(11) DEFAULT NULL,
  `product_code` varchar(191) COLLATE utf8mb4_unicode_ci DEFAULT NULL,
  `product_quantity` varchar(191) COLLATE utf8mb4_unicode_ci DEFAULT NULL,
  `product_color` varchar(191) COLLATE utf8mb4_unicode_ci DEFAULT NULL,
  `product_size` varchar(191) COLLATE utf8mb4_unicode_ci DEFAULT NULL,
  `product_weight` varchar(191) COLLATE utf8mb4_unicode_ci DEFAULT NULL,
  `selling_price` varchar(191) COLLATE utf8mb4_unicode_ci NOT NULL,
  `discount_price` varchar(191) COLLATE utf8mb4_unicode_ci DEFAULT NULL,
  `video_link` varchar(191) COLLATE utf8mb4_unicode_ci DEFAULT NULL,
  `main_slider` tinyint(1) NOT NULL DEFAULT '0',
  `hot_deal` tinyint(1) NOT NULL DEFAULT '0',
  `best_rated` tinyint(1) NOT NULL DEFAULT '0',
  `mid_slider` tinyint(1) NOT NULL DEFAULT '0',
  `hot_new` tinyint(1) NOT NULL DEFAULT '0',
  `buyone_getone` tinyint(1) NOT NULL DEFAULT '0',
  `trend` tinyint(1) NOT NULL DEFAULT '0',
  `image_one` varchar(191) COLLATE utf8mb4_unicode_ci DEFAULT NULL,
  `image_two` varchar(191) COLLATE utf8mb4_unicode_ci DEFAULT NULL,
  `image_three` varchar(191) COLLATE utf8mb4_unicode_ci DEFAULT NULL,
  `is_active` tinyint(1) NOT NULL DEFAULT '0',
  `deleted_at` timestamp NULL DEFAULT NULL,
  `created_at` timestamp NULL DEFAULT NULL,
  `updated_at` timestamp NULL DEFAULT NULL,
  PRIMARY KEY (`id`)
) ENGINE=MyISAM AUTO_INCREMENT=21 DEFAULT CHARSET=utf8mb4 COLLATE=utf8mb4_unicode_ci;

--
-- Dumping data for table `products`
--

INSERT INTO `products` (`id`, `user_id`, `category_id`, `brand_id`, `product_code`, `product_quantity`, `product_color`, `product_size`, `product_weight`, `selling_price`, `discount_price`, `video_link`, `main_slider`, `hot_deal`, `best_rated`, `mid_slider`, `hot_new`, `buyone_getone`, `trend`, `image_one`, `image_two`, `image_three`, `is_active`, `deleted_at`, `created_at`, `updated_at`) VALUES
(1, 1, NULL, NULL, '1', '1', NULL, NULL, NULL, '1', NULL, NULL, 0, 0, 0, 0, 0, 0, 0, '1689572685313855.png', '1689572685495927.png', '1689572685876127.png', 1, '2021-01-22 05:54:49', '2021-01-22 05:54:36', '2021-01-22 05:54:49'),
(2, 1, NULL, NULL, '12', '12', NULL, NULL, NULL, '12', NULL, NULL, 0, 0, 0, 0, 0, 0, 0, '1689573228040295.png', '1689573228371032.png', '1689573228561136.png', 1, '2021-01-22 06:03:55', '2021-01-22 06:03:14', '2021-01-22 06:03:55'),
(3, 1, NULL, NULL, '12', '12', NULL, NULL, NULL, '12', NULL, NULL, 0, 0, 0, 0, 0, 0, 0, NULL, NULL, NULL, 1, '2021-01-22 06:03:48', '2021-01-22 06:03:21', '2021-01-22 06:03:48'),
(4, 1, NULL, NULL, '12ث', '23', NULL, NULL, NULL, '32', NULL, '12', 0, 0, 0, 0, 0, 0, 0, '1689574873000215.png', '1689573876716861.png', '1689573307005115.png', 1, '2021-01-22 07:11:35', '2021-01-22 06:04:28', '2021-01-22 07:11:35'),
(5, 1, NULL, NULL, 'qdwq', '12', NULL, NULL, NULL, '12', NULL, NULL, 0, 0, 0, 0, 0, 0, 0, '1689577358850681.png', NULL, NULL, 1, '2021-01-22 09:28:18', '2021-01-22 07:08:52', '2021-01-22 09:28:18'),
(6, 1, 3, 2, 'czxc', '12', '12', '12', '12.00', '12', '12', 'sf sf sf sf sf sf sf sf sf sf sf sf sf sf sf sf sf sf sf sf sf sf sf sf sf sf sf sf sf sf sf sf sf sf sf sf sf sf sf sf sf sf sf sf sf sf sf sf sf sf sf sf sf sf sf sf sf sf sf sf sf sf sf sf', 0, 1, 0, 0, 0, 1, 0, '1689587531280695.png', '1689587531672650.jpg', '1689587531794622.jpg', 1, '2021-01-22 17:20:49', '2021-01-22 09:50:34', '2021-01-22 17:20:49'),
(7, 1, 1, 2, '12ث', '3434', '23', '34', '12.00', '34', '23', '23', 0, 0, 0, 0, 0, 1, 0, '1689589772288481.jpg', '1689589772392065.jpg', NULL, 1, '2021-01-22 17:20:52', '2021-01-22 10:26:11', '2021-01-22 17:20:52'),
(8, 1, 10, 7, '82c500t5ed', '12', 'black', '10*20', '312.00', '825005', '10', NULL, 1, 1, 1, 1, 1, 1, 1, '1689653485997398.jpg', '1689653486222296.jpg', '1689653486462029.jpg', 1, NULL, '2021-01-22 17:26:45', '2021-01-23 03:18:53'),
(9, 1, 12, 3, '1235', '19', 'اسود', '17 INCH', '6.5kg?', '3222.00', '10', NULL, 1, 0, 0, 0, 0, 0, 0, '1689653869678485.jpg', '1689653870022603.jpg', '1689653870356109.jpg', 1, NULL, '2021-01-23 03:25:00', '2021-01-23 03:25:00'),
(10, 1, 9, 4, '06523', '52', 'اسود', '16*20', '15Kg', '7795.00', '20', NULL, 1, 0, 0, 0, 1, 0, 0, '1689654464339343.jpg', '1689654464601700.jpg', '1689654464787343.jpg', 1, NULL, '2021-01-23 03:34:26', '2021-01-23 03:34:26'),
(11, 1, 11, 3, '1323', '25', 'أبيض', '12*13', '100 جرام', '523', '0', NULL, 0, 1, 0, 0, 0, 0, 0, '1689654705823747.jpg', NULL, NULL, 1, NULL, '2021-01-23 03:38:16', '2021-01-23 03:38:16'),
(12, 1, 20, NULL, '5165', '12', 'خليط', '20*30 سم', '1 كجم', '36', '50', NULL, 0, 0, 0, 0, 0, 1, 0, '1689654883082667.jpg', NULL, NULL, 1, NULL, '2021-01-23 03:41:05', '2021-01-23 03:41:05'),
(13, 1, 21, 9, '15', '14', 'رمادي', '2متر', '3كجم', '450', '2', NULL, 0, 0, 1, 0, 0, 0, 0, '1689655145559274.jpg', '1689655145963760.jpg', '1689655146314136.jpg', 1, NULL, '2021-01-23 03:45:17', '2021-01-23 03:45:17'),
(14, 1, 18, 10, '351', '32', 'بنك', '26*58', '10كجم', '288', '16', NULL, 0, 0, 0, 1, 0, 0, 0, '1689655303592675.jpg', NULL, NULL, 1, NULL, '2021-01-23 03:47:46', '2021-01-23 03:47:46'),
(15, 1, 18, 10, '156', '12', 'برتقالي', '1*1.5 متر', '20 كجم', '1500', '15', NULL, 0, 0, 0, 0, 0, 0, 0, '1689655441036070.jpg', NULL, NULL, 1, NULL, '2021-01-23 03:49:58', '2021-01-23 03:49:58'),
(16, 1, 19, 11, '165', '16', 'خليط', '16*89', '50كجم', '4589.00', NULL, NULL, 0, 0, 0, 0, 0, 0, 1, '1689655628153104.jpg', '1689655628474625.jpg', '1689655628839768.jpg', 1, NULL, '2021-01-23 03:52:57', '2021-01-23 03:52:57'),
(17, 1, 13, 4, '9566', '1255', 'رصاصي', '15', NULL, '123', '12', NULL, 0, 0, 0, 0, 0, 0, 1, '1689655840763025.jpg', '1689655840972595.jpg', '1689655841130099.jpg', 1, NULL, '2021-01-23 03:56:19', '2021-01-23 03:56:19'),
(18, 1, 18, 3, '1652', '24', 'بنك', '15', '12', '15', '12', NULL, 0, 0, 0, 0, 1, 0, 0, '1689656702733815.jpg', NULL, NULL, 1, NULL, '2021-01-23 04:10:01', '2021-01-23 04:10:01'),
(19, 1, 20, 9, '1596', '123', 'رمادي', '42', '150جم', '15', NULL, NULL, 1, 1, 0, 0, 0, 0, 0, '1689656905983001.jpg', '1689656906312034.jpg', '1689656906526140.jpg', 1, NULL, '2021-01-23 04:13:15', '2021-01-23 04:13:15'),
(20, 1, NULL, NULL, '12', '12', NULL, NULL, NULL, '12', NULL, NULL, 0, 0, 0, 0, 0, 0, 0, '1689790251590157.jpg', NULL, NULL, 1, NULL, '2021-01-24 15:32:45', '2021-01-24 15:32:45');

-- --------------------------------------------------------

--
-- Table structure for table `product_translations`
--

DROP TABLE IF EXISTS `product_translations`;
CREATE TABLE IF NOT EXISTS `product_translations` (
  `id` bigint(20) UNSIGNED NOT NULL AUTO_INCREMENT,
  `product_id` int(10) UNSIGNED NOT NULL,
  `locale` varchar(191) COLLATE utf8mb4_unicode_ci NOT NULL,
  `product_name` varchar(191) COLLATE utf8mb4_unicode_ci NOT NULL,
  `product_details` text COLLATE utf8mb4_unicode_ci,
  PRIMARY KEY (`id`),
  UNIQUE KEY `product_translations_product_id_locale_unique` (`product_id`,`locale`)
) ENGINE=MyISAM AUTO_INCREMENT=22 DEFAULT CHARSET=utf8mb4 COLLATE=utf8mb4_unicode_ci;

--
-- Dumping data for table `product_translations`
--

INSERT INTO `product_translations` (`id`, `product_id`, `locale`, `product_name`, `product_details`) VALUES
(1, 1, 'ar', '1', NULL),
(2, 2, 'ar', '12', NULL),
(3, 3, 'ar', '12', NULL),
(4, 4, 'ar', '1', NULL),
(5, 5, 'ar', '1', NULL),
(6, 4, 'en', '1', NULL),
(7, 6, 'ar', 'zxcz', '<p>zxczxc</p>'),
(8, 7, 'ar', 'منتج', '<p>23</p>'),
(9, 8, 'ar', 'لاب توب لينوفو V15 82C500T5ED، شاشة 15.6 بوصة فل اتش دي، هارد 1 تيرابايت، رام 4 جيجابايت، انتل كور i3-1005G1، معالج رسومات انفيديا MX330 2 جيجابايت، دوس - رمادي ايرون', '<h4 style=\"box-sizing: inherit; text-rendering: optimizelegibility; font-family: DroidNaskh, \'Helvetica Neue\', Helvetica, Helvetica, Arial, sans-serif; font-weight: 400; margin: 0.2rem 0px 0.5rem; padding: 0px; color: #222222; line-height: 1.4; font-size: 1.42857rem; text-align: right; text-transform: uppercase; background-color: #ffffff;\">الوصف:</h4>\r\n<article style=\"box-sizing: inherit; color: #333333; font-family: DroidNaskh, \'Helvetica Neue\', Helvetica, Helvetica, Arial, sans-serif; font-size: 14px; text-align: right; text-transform: uppercase; background-color: #ffffff;\">\r\n<div id=\"description-full\" class=\"\" style=\"box-sizing: inherit; margin: 0px; padding: 0px;\">\r\n<ul style=\"box-sizing: inherit; line-height: 1.6; margin: 0px 1.25rem 0px 0px; padding: 0px; list-style-position: inside;\">\r\n<li style=\"box-sizing: inherit; margin: 0px; padding: 0px; font-size: inherit; text-transform: none; list-style: inherit !important;\">العلامة التجارية: لينوفو</li>\r\n<li style=\"box-sizing: inherit; margin: 0px; padding: 0px; font-size: inherit; text-transform: none; list-style: inherit !important;\">رقم الموديل: 82C500T5ED</li>\r\n<li style=\"box-sizing: inherit; margin: 0px; padding: 0px; font-size: inherit; text-transform: none; list-style: inherit !important;\">اللون: رمادي ايرون</li>\r\n</ul>\r\n<p style=\"box-sizing: inherit; text-rendering: optimizelegibility; line-height: 1.6; margin: 0px 0px 0.714286rem; padding: 0px; font-size: inherit; text-transform: none;\">الأداء:</p>\r\n<ul style=\"box-sizing: inherit; line-height: 1.6; margin: 0px 1.25rem 0px 0px; padding: 0px; list-style-position: inside;\">\r\n<li style=\"box-sizing: inherit; margin: 0px; padding: 0px; font-size: inherit; text-transform: none; list-style: inherit !important;\">نظام التشغيل: دوس</li>\r\n<li style=\"box-sizing: inherit; margin: 0px; padding: 0px; font-size: inherit; text-transform: none; list-style: inherit !important;\">تفاصيل المعالج: انتل كور i3-1005G1 (1.2 جيجاهرتز، ثنائي النواة)</li>\r\n<li style=\"box-sizing: inherit; margin: 0px; padding: 0px; font-size: inherit; text-transform: none; list-style: inherit !important;\">الذاكرة (رام): 4 جيجابايت</li>\r\n<li style=\"box-sizing: inherit; margin: 0px; padding: 0px; font-size: inherit; text-transform: none; list-style: inherit !important;\">نوع الرام: DDR4</li>\r\n<li style=\"box-sizing: inherit; margin: 0px; padding: 0px; font-size: inherit; text-transform: none; list-style: inherit !important;\">سعة التخزين: 1 تيرابايت</li>\r\n<li style=\"box-sizing: inherit; margin: 0px; padding: 0px; font-size: inherit; text-transform: none; list-style: inherit !important;\">معالج الرسومات: معالج رسومات انفيديا MX330 بذاكرة 2 جيجابايت</li>\r\n<li style=\"box-sizing: inherit; margin: 0px; padding: 0px; font-size: inherit; text-transform: none; list-style: inherit !important;\">الشاشة: 15.6 بوصة فل اتش دي</li>\r\n</ul>\r\n<p style=\"box-sizing: inherit; text-rendering: optimizelegibility; line-height: 1.6; margin: 0px 0px 0.714286rem; padding: 0px; font-size: inherit; text-transform: none;\">الاتصال:</p>\r\n<ul style=\"box-sizing: inherit; line-height: 1.6; margin: 0px 1.25rem 0px 0px; padding: 0px; list-style-position: inside;\">\r\n<li style=\"box-sizing: inherit; margin: 0px; padding: 0px; font-size: inherit; text-transform: none; list-style: inherit !important;\">واي فاي</li>\r\n<li style=\"box-sizing: inherit; margin: 0px; padding: 0px; font-size: inherit; text-transform: none; list-style: inherit !important;\">بلوتوث</li>\r\n</ul>\r\n<p style=\"box-sizing: inherit; text-rendering: optimizelegibility; line-height: 1.6; margin: 0px 0px 0.714286rem; padding: 0px; font-size: inherit; text-transform: none;\">المنافذ:</p>\r\n<ul style=\"box-sizing: inherit; line-height: 1.6; margin: 0px 1.25rem 0px 0px; padding: 0px; list-style-position: inside;\">\r\n<li style=\"box-sizing: inherit; margin: 0px; padding: 0px; font-size: inherit; text-transform: none; list-style: inherit !important;\">منفذ يو اس بي 3.0</li>\r\n</ul>\r\n<p style=\"box-sizing: inherit; text-rendering: optimizelegibility; line-height: 1.6; margin: 0px 0px 0.714286rem; padding: 0px; font-size: inherit; text-transform: none;\">الملحقات:</p>\r\n<ul style=\"box-sizing: inherit; line-height: 1.6; margin: 0px 1.25rem 0px 0px; padding: 0px; list-style-position: inside;\">\r\n<li style=\"box-sizing: inherit; margin: 0px; padding: 0px; font-size: inherit; text-transform: none; list-style: inherit !important;\">شنطة لاب توب بفتحة علوية</li>\r\n</ul>\r\n</div>\r\n</article>'),
(10, 9, 'ar', 'HP شاشة LED 27 بوصة - HP 27W 1JJ98AS', '<h3 class=\"uppercase\" style=\"box-sizing: inherit; text-rendering: optimizelegibility; font-family: DroidNaskh, \'Helvetica Neue\', Helvetica, Helvetica, Arial, sans-serif; margin: 0.2rem 0px 0.5rem; padding: 0px; color: #222222; line-height: 1.4; font-size: 1.57143rem; text-transform: uppercase; background-color: #fafafa; text-align: right;\">معلومات المنتج</h3>\r\n<ul class=\"grouped-list product-grouped-list\" style=\"box-sizing: inherit; line-height: 1.6; margin: 0px 0px 1rem; padding: 0px; list-style-position: outside; list-style-type: none; position: relative; border-radius: 3px; border-color: #e7e7e7; background: #ffffff; box-shadow: rgba(0, 0, 0, 0.08) 0px 2px 5px 0px; color: #0a0a0a; font-family: DroidNaskh, \'Helvetica Neue\', Helvetica, Helvetica, Arial, sans-serif; font-size: 14px;\">\r\n<li id=\"specs\" class=\"level-1\" style=\"box-sizing: inherit; margin: 0px; padding: 1rem 0.571429rem; font-size: inherit; display: block; text-transform: uppercase; border-bottom: 1px solid #e7e7e7; border-radius: 3px 3px 0px 0px; color: #333333; text-align: right;\"><span id=\"Specs\" style=\"box-sizing: inherit; margin-top: -7.14286rem; padding-bottom: 7.14286rem; display: block; height: 0.0714286rem; visibility: hidden;\"></span>\r\n<h4 style=\"box-sizing: inherit; text-rendering: optimizelegibility; font-weight: 400; margin: 0.2rem 0px 0.5rem; padding: 0px; color: #222222; line-height: 1.4; font-size: 1.42857rem;\">المواصفات</h4>\r\n<div id=\"specs-short\" style=\"box-sizing: inherit; margin: 0px; padding: 0px;\">\r\n<dl class=\"stats\" style=\"box-sizing: inherit; line-height: 1.6; margin: 0px; padding: 0.357143rem 0px; list-style-position: outside; text-transform: none; direction: ltr;\">\r\n<dt style=\"box-sizing: inherit; margin: 0px 0px 0.714286rem; padding: 0px 0px 0px 10px; font-weight: bold; float: right; width: 314.812px; text-align: right;\">العلامة التجارية</dt>\r\n<dd style=\"box-sizing: inherit; margin: 0px 0px 0.714286rem; padding: 0px; float: right; color: #818181; clear: left; unicode-bidi: plaintext; width: 610.547px; text-align: right;\">HP</dd>\r\n</dl>\r\n<div class=\"clearfix\" style=\"box-sizing: inherit; margin: 0px; padding: 0px;\">&nbsp;</div>\r\n<dl class=\"stats\" style=\"box-sizing: inherit; line-height: 1.6; margin: 0px; padding: 0.357143rem 0px; list-style-position: outside; text-transform: none; direction: ltr;\">\r\n<dt style=\"box-sizing: inherit; margin: 0px 0px 0.714286rem; padding: 0px 0px 0px 10px; font-weight: bold; float: right; width: 314.812px; text-align: right;\">نوع الشاشة</dt>\r\n<dd style=\"box-sizing: inherit; margin: 0px 0px 0.714286rem; padding: 0px; float: right; color: #818181; clear: left; unicode-bidi: plaintext; width: 610.547px; text-align: right;\">LED</dd>\r\n</dl>\r\n<div class=\"clearfix\" style=\"box-sizing: inherit; margin: 0px; padding: 0px;\">&nbsp;</div>\r\n<dl class=\"stats\" style=\"box-sizing: inherit; line-height: 1.6; margin: 0px; padding: 0.357143rem 0px; list-style-position: outside; text-transform: none; direction: ltr;\">\r\n<dt style=\"box-sizing: inherit; margin: 0px 0px 0.714286rem; padding: 0px 0px 0px 10px; font-weight: bold; float: right; width: 314.812px; text-align: right;\">رقم الموديل</dt>\r\n<dd style=\"box-sizing: inherit; margin: 0px 0px 0.714286rem; padding: 0px; float: right; color: #818181; clear: left; unicode-bidi: plaintext; width: 610.547px; text-align: right;\">HP 27W 1JJ98AS</dd>\r\n</dl>\r\n<div class=\"clearfix\" style=\"box-sizing: inherit; margin: 0px; padding: 0px;\">&nbsp;</div>\r\n<dl class=\"stats\" style=\"box-sizing: inherit; line-height: 1.6; margin: 0px; padding: 0.357143rem 0px; list-style-position: outside; text-transform: none; direction: ltr;\">\r\n<dt style=\"box-sizing: inherit; margin: 0px 0px 0.714286rem; padding: 0px 0px 0px 10px; font-weight: bold; float: right; width: 314.812px; text-align: right;\">نوع معرف المنتج الخارجي</dt>\r\n<dd style=\"box-sizing: inherit; margin: 0px 0px 0.714286rem; padding: 0px; float: right; color: #818181; clear: left; unicode-bidi: plaintext; width: 610.547px; text-align: right;\">EAN-13</dd>\r\n</dl>\r\n<div class=\"clearfix\" style=\"box-sizing: inherit; margin: 0px; padding: 0px;\">&nbsp;</div>\r\n</div>\r\n<a class=\"expand readmore specs\" style=\"box-sizing: inherit; line-height: inherit; background-color: transparent; color: #006fcc; cursor: pointer; -webkit-tap-highlight-color: transparent; text-transform: none; display: inline; padding: 0px; outline: 0px !important;\" data-readmore=\"specs\">إقرأ المزيد</a></li>\r\n<li id=\"description\" class=\"level-1 clearfix\" style=\"box-sizing: inherit; margin: 0px; padding: 1rem 0.571429rem; font-size: inherit; display: block; text-transform: uppercase; border-bottom: 0px solid #e7e7e7; border-radius: 3px 3px 0px 0px; color: #333333;\"><span id=\"Description\" style=\"box-sizing: inherit; margin-top: -7.14286rem; padding-bottom: 7.14286rem; display: block; height: 0.0714286rem; visibility: hidden;\"></span>\r\n<h4 style=\"box-sizing: inherit; text-rendering: optimizelegibility; font-weight: 400; margin: 0.2rem 0px 0.5rem; padding: 0px; color: #222222; line-height: 1.4; font-size: 1.42857rem; text-align: right;\">الوصف:</h4>\r\n<article style=\"box-sizing: inherit;\">\r\n<div id=\"description-short\" class=\"\" style=\"box-sizing: inherit; margin: 0px; padding: 0px;\">\r\n<ul class=\"generatedBullets\" style=\"box-sizing: inherit; line-height: 1.6; margin: 0px 1.25rem 0px 0px; padding: 0px; list-style-position: inside; list-style-type: disc;\">\r\n<li style=\"box-sizing: inherit; margin: 0px; padding: 0px; font-size: inherit; text-transform: none; list-style: inherit !important; text-align: right;\">Model Number : HP 27W 1JJ98AS</li>\r\n<li style=\"box-sizing: inherit; margin: 0px; padding: 0px; font-size: inherit; text-transform: none; list-style: inherit !important; text-align: right;\">External Product ID : 193905421671</li>\r\n<li style=\"box-sizing: inherit; margin: 0px; padding: 0px; font-size: inherit; text-transform: none; list-style: inherit !important; text-align: right;\">نوع معرف المنتج الخارجي : EAN-13</li>\r\n<li style=\"box-sizing: inherit; margin: 0px; padding: 0px; font-size: inherit; text-transform: none; list-style: inherit !important; text-align: right;\">نوع الشاشة : LED</li>\r\n<li style=\"box-sizing: inherit; margin: 0px; padding: 0px; font-size: inherit; text-transform: none; list-style: inherit !important; text-align: right;\">العلامة التجارية :</li>\r\n</ul>\r\n</div>\r\n</article>\r\n</li>\r\n</ul>'),
(11, 10, 'ar', 'كمبيوتر مكتبي ديل اوبتليكس 7040 MT بمعالج انتل كور i7 الجيل السادس 6700 8 جيجابايت 500 جيجابايت بشاشة عرض ال اي دي 18.5 بوصة ويندوز 10 برو', '<p style=\"box-sizing: inherit; text-rendering: optimizelegibility; line-height: 1.6; margin: 0px 0px 0.714286rem; padding: 0px; font-size: 14px; color: #333333; font-family: DroidNaskh, \'Helvetica Neue\', Helvetica, Helvetica, Arial, sans-serif; text-align: right; background-color: #ffffff;\">يعد جهاز كمبيوتر ديل اوبتيبلكس 7040 ام تي ديسكتوب، مثالي للاستخدام المنزلي أو المكتبي. يأتي هذا الجهاز الرائع من ديل أوبتيبلكس 7040 ام تي مع معالج i7 قوي، سعة تخزين 500 جيجا ورام 8 جيجا، كما ويحتوي على محرك دي في دي ار دابليو وشاشة ال اي دي 18.5 انش.</p>\r\n<p style=\"box-sizing: inherit; text-rendering: optimizelegibility; line-height: 1.6; margin: 0px 0px 0.714286rem; padding: 0px; font-size: 14px; color: #333333; font-family: DroidNaskh, \'Helvetica Neue\', Helvetica, Helvetica, Arial, sans-serif; text-align: right; background-color: #ffffff;\">خصائص المنتج:</p>\r\n<p style=\"box-sizing: inherit; text-rendering: optimizelegibility; line-height: 1.6; margin: 0px 0px 0.714286rem; padding: 0px; font-size: 14px; color: #333333; font-family: DroidNaskh, \'Helvetica Neue\', Helvetica, Helvetica, Arial, sans-serif; text-align: right; background-color: #ffffff;\">العلامة التجارية: ديل<br style=\"box-sizing: inherit;\" />الموديل: اوبتيبلكس 704<br style=\"box-sizing: inherit;\" />النوع: كمبيوتر ديسكتوب<br style=\"box-sizing: inherit;\" />اللون: اسود<br style=\"box-sizing: inherit;\" />التخزين: 500 جيجا<br style=\"box-sizing: inherit;\" />رام: 8 جيجا<br style=\"box-sizing: inherit;\" />المعالج: انتل كور i7 الجيل السادس 6700، 3.4 جيجاهيرتز<br style=\"box-sizing: inherit;\" />محرك دي في دي ار دابليو: نعم<br style=\"box-sizing: inherit;\" />يتضمن ماوس ولوحة مفاتيح: نعم<br style=\"box-sizing: inherit;\" />نظام التشغيل: ويندوز 10 برو<br style=\"box-sizing: inherit;\" />حجم الشاشة: ال اي دي 18.5 انش</p>'),
(12, 11, 'ar', 'مكبر صوت لاسلكي بلوتوث ميني من ريماكس RB-M23 - ابيض', '<ul class=\"grouped-list product-grouped-list\" style=\"box-sizing: inherit; line-height: 1.6; margin: 0px 0px 1rem; padding: 0px; list-style-position: outside; list-style-type: none; position: relative; border-radius: 3px; border-color: #e7e7e7; background: #ffffff; box-shadow: rgba(0, 0, 0, 0.08) 0px 2px 5px 0px; color: #0a0a0a; font-family: DroidNaskh, \'Helvetica Neue\', Helvetica, Helvetica, Arial, sans-serif; font-size: 14px;\">\r\n<li id=\"specs\" class=\"level-1\" style=\"box-sizing: inherit; margin: 0px; padding: 1rem 0.571429rem; font-size: inherit; display: block; text-transform: uppercase; border-bottom: 1px solid #e7e7e7; border-radius: 3px 3px 0px 0px; color: #333333;\">\r\n<h4 style=\"box-sizing: inherit; text-rendering: optimizelegibility; font-weight: 400; margin: 0.2rem 0px 0.5rem; padding: 0px; color: #222222; line-height: 1.4; font-size: 1.42857rem; text-align: right;\">المواصفات</h4>\r\n<div id=\"specs-short\" style=\"box-sizing: inherit; margin: 0px; padding: 0px; text-align: right;\">\r\n<dl class=\"stats\" style=\"box-sizing: inherit; line-height: 1.6; margin: 0px; padding: 0.357143rem 0px; list-style-position: outside; text-transform: none; direction: ltr;\">\r\n<dt style=\"box-sizing: inherit; margin: 0px 0px 0.714286rem; padding: 0px 0px 0px 10px; font-weight: bold; float: right; width: 314.812px; text-align: right;\">حزمة سمك</dt>\r\n<dd style=\"box-sizing: inherit; margin: 0px 0px 0.714286rem; padding: 0px; float: right; color: #818181; clear: left; unicode-bidi: plaintext; width: 610.547px; text-align: right;\">17.6 centimeters</dd>\r\n</dl>\r\n<div class=\"clearfix\" style=\"box-sizing: inherit; margin: 0px; padding: 0px;\">&nbsp;</div>\r\n<dl class=\"stats\" style=\"box-sizing: inherit; line-height: 1.6; margin: 0px; padding: 0.357143rem 0px; list-style-position: outside; text-transform: none; direction: ltr;\">\r\n<dt style=\"box-sizing: inherit; margin: 0px 0px 0.714286rem; padding: 0px 0px 0px 10px; font-weight: bold; float: right; width: 314.812px; text-align: right;\">وزن الحزمة</dt>\r\n<dd style=\"box-sizing: inherit; margin: 0px 0px 0.714286rem; padding: 0px; float: right; color: #818181; clear: left; unicode-bidi: plaintext; width: 610.547px; text-align: right;\">754 grams</dd>\r\n</dl>\r\n<div class=\"clearfix\" style=\"box-sizing: inherit; margin: 0px; padding: 0px;\">&nbsp;</div>\r\n<dl class=\"stats\" style=\"box-sizing: inherit; line-height: 1.6; margin: 0px; padding: 0.357143rem 0px; list-style-position: outside; text-transform: none; direction: ltr;\">\r\n<dt style=\"box-sizing: inherit; margin: 0px 0px 0.714286rem; padding: 0px 0px 0px 10px; font-weight: bold; float: right; width: 314.812px; text-align: right;\">EAN-13</dt>\r\n<dd style=\"box-sizing: inherit; margin: 0px 0px 0.714286rem; padding: 0px; float: right; color: #818181; clear: left; unicode-bidi: plaintext; width: 610.547px; text-align: right;\">6954851299554</dd>\r\n</dl>\r\n<div class=\"clearfix\" style=\"box-sizing: inherit; margin: 0px; padding: 0px;\">&nbsp;</div>\r\n<dl class=\"stats\" style=\"box-sizing: inherit; line-height: 1.6; margin: 0px; padding: 0.357143rem 0px; list-style-position: outside; text-transform: none; direction: ltr;\">\r\n<dt style=\"box-sizing: inherit; margin: 0px 0px 0.714286rem; padding: 0px 0px 0px 10px; font-weight: bold; float: right; width: 314.812px; text-align: right;\">العلامة التجارية</dt>\r\n<dd style=\"box-sizing: inherit; margin: 0px 0px 0.714286rem; padding: 0px; float: right; color: #818181; clear: left; unicode-bidi: plaintext; width: 610.547px; text-align: right;\">ريماكس</dd>\r\n</dl>\r\n<div class=\"clearfix\" style=\"box-sizing: inherit; margin: 0px; padding: 0px;\">&nbsp;</div>\r\n</div>\r\n<a class=\"expand readmore specs\" style=\"box-sizing: inherit; line-height: inherit; background-color: transparent; color: #006fcc; cursor: pointer; -webkit-tap-highlight-color: transparent; text-transform: none; display: inline; padding: 0px; outline: 0px !important;\" data-readmore=\"specs\">إقرأ المزيد</a></li>\r\n<li id=\"description\" class=\"level-1 clearfix\" style=\"box-sizing: inherit; margin: 0px; padding: 1rem 0.571429rem; font-size: inherit; display: block; text-transform: uppercase; border-bottom: 0px solid #e7e7e7; border-radius: 3px 3px 0px 0px; color: #333333;\"><span id=\"Description\" style=\"box-sizing: inherit; margin-top: -7.14286rem; padding-bottom: 7.14286rem; display: block; height: 0.0714286rem; visibility: hidden;\"></span>\r\n<h4 style=\"box-sizing: inherit; text-rendering: optimizelegibility; font-weight: 400; margin: 0.2rem 0px 0.5rem; padding: 0px; color: #222222; line-height: 1.4; font-size: 1.42857rem; text-align: right;\">الوصف:</h4>\r\n<article style=\"box-sizing: inherit;\">\r\n<div id=\"description-full\" class=\"\" style=\"box-sizing: inherit; margin: 0px; padding: 0px;\">\r\n<ul style=\"box-sizing: inherit; line-height: 1.6; margin: 0px 1.25rem 0px 0px; padding: 0px; list-style-position: inside; list-style-type: disc;\">\r\n<li style=\"box-sizing: inherit; margin: 0px; padding: 0px; font-size: inherit; text-transform: none; list-style: inherit !important; text-align: right;\">العلامة التجارية: ريماكس</li>\r\n<li style=\"box-sizing: inherit; margin: 0px; padding: 0px; font-size: inherit; text-transform: none; list-style: inherit !important; text-align: right;\">الموديل: RB-M23</li>\r\n<li style=\"box-sizing: inherit; margin: 0px; padding: 0px; font-size: inherit; text-transform: none; list-style: inherit !important; text-align: right;\">إصدار البلوتوث: 4.1</li>\r\n<li style=\"box-sizing: inherit; margin: 0px; padding: 0px; font-size: inherit; text-transform: none; list-style: inherit !important; text-align: right;\">الطاقة المقدرة: 10 وات</li>\r\n<li style=\"box-sizing: inherit; margin: 0px; padding: 0px; font-size: inherit; text-transform: none; list-style: inherit !important; text-align: right;\">مسافة الاستقبال: 10 متر</li>\r\n<li style=\"box-sizing: inherit; margin: 0px; padding: 0px; font-size: inherit; text-transform: none; list-style: inherit !important; text-align: right;\">مصدر الطاقة: بطارية ليثيوم مدمجة</li>\r\n<li style=\"box-sizing: inherit; margin: 0px; padding: 0px; font-size: inherit; text-transform: none; list-style: inherit !important; text-align: right;\">الصيغة المدعومة: MP3</li>\r\n<li style=\"box-sizing: inherit; margin: 0px; padding: 0px; font-size: inherit; text-transform: none; list-style: inherit !important; text-align: right;\">طريقة الاتصال: بلوتوث ووصلة يو اس بي</li>\r\n<li style=\"box-sizing: inherit; margin: 0px; padding: 0px; font-size: inherit; text-transform: none; list-style: inherit !important; text-align: right;\">مصنوع من معدن</li>\r\n</ul>\r\n</div>\r\n</article>\r\n</li>\r\n</ul>'),
(13, 12, 'ar', 'تابلوه خشب مودرن مارلين مونرو', '<h3 class=\"uppercase\" style=\"box-sizing: inherit; text-rendering: optimizelegibility; font-family: DroidNaskh, \'Helvetica Neue\', Helvetica, Helvetica, Arial, sans-serif; margin: 0.2rem 0px 0.5rem; padding: 0px; color: #222222; line-height: 1.4; font-size: 1.57143rem; text-transform: uppercase; background-color: #fafafa; text-align: right;\">معلومات المنتج</h3>\r\n<ul class=\"grouped-list product-grouped-list\" style=\"box-sizing: inherit; line-height: 1.6; margin: 0px 0px 1rem; padding: 0px; list-style-position: outside; list-style-type: none; position: relative; border-radius: 3px; border-color: #e7e7e7; background: #ffffff; box-shadow: rgba(0, 0, 0, 0.08) 0px 2px 5px 0px; color: #0a0a0a; font-family: DroidNaskh, \'Helvetica Neue\', Helvetica, Helvetica, Arial, sans-serif; font-size: 14px;\">\r\n<li id=\"specs\" class=\"level-1\" style=\"box-sizing: inherit; margin: 0px; padding: 1rem 0.571429rem; font-size: inherit; display: block; text-transform: uppercase; border-bottom: 1px solid #e7e7e7; border-radius: 3px 3px 0px 0px; color: #333333; text-align: right;\"><span id=\"Specs\" style=\"box-sizing: inherit; margin-top: -7.14286rem; padding-bottom: 7.14286rem; display: block; height: 0.0714286rem; visibility: hidden;\"></span>\r\n<h4 style=\"box-sizing: inherit; text-rendering: optimizelegibility; font-weight: 400; margin: 0.2rem 0px 0.5rem; padding: 0px; color: #222222; line-height: 1.4; font-size: 1.42857rem;\">المواصفات</h4>\r\n<div id=\"specs-short\" style=\"box-sizing: inherit; margin: 0px; padding: 0px;\">\r\n<dl class=\"stats\" style=\"box-sizing: inherit; line-height: 1.6; margin: 0px; padding: 0.357143rem 0px; list-style-position: outside; text-transform: none; direction: ltr;\">\r\n<dt style=\"box-sizing: inherit; margin: 0px 0px 0.714286rem; padding: 0px 0px 0px 10px; font-weight: bold; float: right; width: 314.812px; text-align: right;\">طول</dt>\r\n<dd style=\"box-sizing: inherit; margin: 0px 0px 0.714286rem; padding: 0px; float: right; color: #818181; clear: left; unicode-bidi: plaintext; width: 610.547px; text-align: right;\">40 cm</dd>\r\n</dl>\r\n<div class=\"clearfix\" style=\"box-sizing: inherit; margin: 0px; padding: 0px;\">&nbsp;</div>\r\n<dl class=\"stats\" style=\"box-sizing: inherit; line-height: 1.6; margin: 0px; padding: 0.357143rem 0px; list-style-position: outside; text-transform: none; direction: ltr;\">\r\n<dt style=\"box-sizing: inherit; margin: 0px 0px 0.714286rem; padding: 0px 0px 0px 10px; font-weight: bold; float: right; width: 314.812px; text-align: right;\">الموضوع</dt>\r\n<dd style=\"box-sizing: inherit; margin: 0px 0px 0.714286rem; padding: 0px; float: right; color: #818181; clear: left; unicode-bidi: plaintext; width: 610.547px; text-align: right;\">كلاسيكي وقديم</dd>\r\n</dl>\r\n<div class=\"clearfix\" style=\"box-sizing: inherit; margin: 0px; padding: 0px;\">&nbsp;</div>\r\n<dl class=\"stats\" style=\"box-sizing: inherit; line-height: 1.6; margin: 0px; padding: 0.357143rem 0px; list-style-position: outside; text-transform: none; direction: ltr;\">\r\n<dt style=\"box-sizing: inherit; margin: 0px 0px 0.714286rem; padding: 0px 0px 0px 10px; font-weight: bold; float: right; width: 314.812px; text-align: right;\">نوع الاطار</dt>\r\n<dd style=\"box-sizing: inherit; margin: 0px 0px 0.714286rem; padding: 0px; float: right; color: #818181; clear: left; unicode-bidi: plaintext; width: 610.547px; text-align: right;\">مع اطار</dd>\r\n</dl>\r\n<div class=\"clearfix\" style=\"box-sizing: inherit; margin: 0px; padding: 0px;\">&nbsp;</div>\r\n<dl class=\"stats\" style=\"box-sizing: inherit; line-height: 1.6; margin: 0px; padding: 0.357143rem 0px; list-style-position: outside; text-transform: none; direction: ltr;\">\r\n<dt style=\"box-sizing: inherit; margin: 0px 0px 0.714286rem; padding: 0px 0px 0px 10px; font-weight: bold; float: right; width: 314.812px; text-align: right;\">نوع اللوحة</dt>\r\n<dd style=\"box-sizing: inherit; margin: 0px 0px 0.714286rem; padding: 0px; float: right; color: #818181; clear: left; unicode-bidi: plaintext; width: 610.547px; text-align: right;\">حبر</dd>\r\n</dl>\r\n<div class=\"clearfix\" style=\"box-sizing: inherit; margin: 0px; padding: 0px;\">&nbsp;</div>\r\n</div>\r\n<a class=\"expand readmore specs\" style=\"box-sizing: inherit; line-height: inherit; background-color: transparent; color: #006fcc; cursor: pointer; -webkit-tap-highlight-color: transparent; text-transform: none; display: inline; padding: 0px; outline: 0px !important;\" data-readmore=\"specs\">إقرأ المزيد</a></li>\r\n<li id=\"description\" class=\"level-1 clearfix\" style=\"box-sizing: inherit; margin: 0px; padding: 1rem 0.571429rem; font-size: inherit; display: block; text-transform: uppercase; border-bottom: 0px solid #e7e7e7; border-radius: 3px 3px 0px 0px; color: #333333;\"><span id=\"Description\" style=\"box-sizing: inherit; margin-top: -7.14286rem; padding-bottom: 7.14286rem; display: block; height: 0.0714286rem; visibility: hidden;\"></span>\r\n<h4 style=\"box-sizing: inherit; text-rendering: optimizelegibility; font-weight: 400; margin: 0.2rem 0px 0.5rem; padding: 0px; color: #222222; line-height: 1.4; font-size: 1.42857rem; text-align: right;\">الوصف:</h4>\r\n<article style=\"box-sizing: inherit;\">\r\n<div id=\"description-short\" class=\"\" style=\"box-sizing: inherit; margin: 0px; padding: 0px;\">\r\n<ul class=\"generatedBullets\" style=\"box-sizing: inherit; line-height: 1.6; margin: 0px 1.25rem 0px 0px; padding: 0px; list-style-position: inside; list-style-type: disc;\">\r\n<li style=\"box-sizing: inherit; margin: 0px; padding: 0px; font-size: inherit; text-transform: none; list-style: inherit !important; text-align: right;\">الموضوع : كلاسيكي وقديم</li>\r\n<li style=\"box-sizing: inherit; margin: 0px; padding: 0px; font-size: inherit; text-transform: none; list-style: inherit !important; text-align: right;\">40x30</li>\r\n<li style=\"box-sizing: inherit; margin: 0px; padding: 0px; font-size: inherit; text-transform: none; list-style: inherit !important; text-align: right;\">خشب</li>\r\n</ul>\r\n</div>\r\n</article>\r\n</li>\r\n</ul>'),
(14, 13, 'ar', 'ستائر جانبية مزدوجة من نايس تاون ,رمادي', '<ul class=\"grouped-list product-grouped-list\" style=\"box-sizing: inherit; line-height: 1.6; margin: 0px 0px 1rem; padding: 0px; list-style-position: outside; list-style-type: none; position: relative; border-radius: 3px; border-color: #e7e7e7; background: #ffffff; box-shadow: rgba(0, 0, 0, 0.08) 0px 2px 5px 0px; color: #0a0a0a; font-family: DroidNaskh, \'Helvetica Neue\', Helvetica, Helvetica, Arial, sans-serif; font-size: 14px;\">\r\n<li id=\"specs\" class=\"level-1\" style=\"box-sizing: inherit; margin: 0px; padding: 1rem 0.571429rem; font-size: inherit; display: block; text-transform: uppercase; border-bottom: 1px solid #e7e7e7; border-radius: 3px 3px 0px 0px; color: #333333;\">\r\n<h4 style=\"box-sizing: inherit; text-rendering: optimizelegibility; font-weight: 400; margin: 0.2rem 0px 0.5rem; padding: 0px; color: #222222; line-height: 1.4; font-size: 1.42857rem; text-align: right;\">المواصفات</h4>\r\n<div id=\"specs-short\" style=\"box-sizing: inherit; margin: 0px; padding: 0px; text-align: left;\">\r\n<dl class=\"stats\" style=\"box-sizing: inherit; line-height: 1.6; margin: 0px; padding: 0.357143rem 0px; list-style-position: outside; text-transform: none; direction: ltr;\">\r\n<dt style=\"box-sizing: inherit; margin: 0px 0px 0.714286rem; padding: 0px 0px 0px 10px; font-weight: bold; float: right; width: 314.812px; text-align: right;\">حزمة سمك</dt>\r\n<dd style=\"box-sizing: inherit; margin: 0px 0px 0.714286rem; padding: 0px; float: right; color: #818181; clear: left; unicode-bidi: plaintext; width: 610.547px; text-align: right;\">36.2 centimeters</dd>\r\n</dl>\r\n<div class=\"clearfix\" style=\"box-sizing: inherit; margin: 0px; padding: 0px;\">&nbsp;</div>\r\n<dl class=\"stats\" style=\"box-sizing: inherit; line-height: 1.6; margin: 0px; padding: 0.357143rem 0px; list-style-position: outside; text-transform: none; direction: ltr;\">\r\n<dt style=\"box-sizing: inherit; margin: 0px 0px 0.714286rem; padding: 0px 0px 0px 10px; font-weight: bold; float: right; width: 314.812px; text-align: right;\">وزن الحزمة</dt>\r\n<dd style=\"box-sizing: inherit; margin: 0px 0px 0.714286rem; padding: 0px; float: right; color: #818181; clear: left; unicode-bidi: plaintext; width: 610.547px; text-align: right;\">1560 grams</dd>\r\n</dl>\r\n<div class=\"clearfix\" style=\"box-sizing: inherit; margin: 0px; padding: 0px;\">&nbsp;</div>\r\n<dl class=\"stats\" style=\"box-sizing: inherit; line-height: 1.6; margin: 0px; padding: 0.357143rem 0px; list-style-position: outside; text-transform: none; direction: ltr;\">\r\n<dt style=\"box-sizing: inherit; margin: 0px 0px 0.714286rem; padding: 0px 0px 0px 10px; font-weight: bold; float: right; width: 314.812px; text-align: right;\">UPC-A</dt>\r\n<dd style=\"box-sizing: inherit; margin: 0px 0px 0.714286rem; padding: 0px; float: right; color: #818181; clear: left; unicode-bidi: plaintext; width: 610.547px; text-align: right;\">702756636044</dd>\r\n</dl>\r\n<div class=\"clearfix\" style=\"box-sizing: inherit; margin: 0px; padding: 0px;\">&nbsp;</div>\r\n<dl class=\"stats\" style=\"box-sizing: inherit; line-height: 1.6; margin: 0px; padding: 0.357143rem 0px; list-style-position: outside; text-transform: none; direction: ltr;\">\r\n<dt style=\"box-sizing: inherit; margin: 0px 0px 0.714286rem; padding: 0px 0px 0px 10px; font-weight: bold; float: right; width: 314.812px; text-align: right;\">العلامة التجارية</dt>\r\n<dd style=\"box-sizing: inherit; margin: 0px 0px 0.714286rem; padding: 0px; float: right; color: #818181; clear: left; unicode-bidi: plaintext; width: 610.547px; text-align: right;\">نايس تاون</dd>\r\n</dl>\r\n<div class=\"clearfix\" style=\"box-sizing: inherit; margin: 0px; padding: 0px;\">&nbsp;</div>\r\n</div>\r\n</li>\r\n<li id=\"description\" class=\"level-1 clearfix\" style=\"box-sizing: inherit; margin: 0px; padding: 1rem 0.571429rem; font-size: inherit; display: block; text-transform: uppercase; border-bottom: 0px solid #e7e7e7; border-radius: 3px 3px 0px 0px; color: #333333;\"><span id=\"Description\" style=\"box-sizing: inherit; margin-top: -7.14286rem; padding-bottom: 7.14286rem; display: block; height: 0.0714286rem; visibility: hidden;\"></span>\r\n<h4 style=\"box-sizing: inherit; text-rendering: optimizelegibility; font-weight: 400; margin: 0.2rem 0px 0.5rem; padding: 0px; color: #222222; line-height: 1.4; font-size: 1.42857rem; text-align: right;\">الوصف:</h4>\r\n<article style=\"box-sizing: inherit;\">\r\n<div id=\"description-full\" class=\"\" style=\"box-sizing: inherit; margin: 0px; padding: 0px;\">\r\n<p style=\"box-sizing: inherit; text-rendering: optimizelegibility; line-height: 1.6; margin: 0px 0px 0.714286rem; padding: 0px; font-size: inherit; text-transform: none; text-align: left;\"><span style=\"box-sizing: inherit; font-weight: bold; line-height: inherit;\">NICETOWN BLACKOUT CURTAINS</span>&nbsp;are so much more than just bits and pieces of fabric that are sewn together to prevent sunlight from entering your home, they go beyond that mundane function and provide additional benefits that do not meet the eye&nbsp;<span style=\"box-sizing: inherit; color: #cc0000; font-weight: bold;\">instantly</span>.</p>\r\n<ul style=\"box-sizing: inherit; line-height: 1.6; margin: 0px 1.25rem 0px 0px; padding: 0px; list-style-position: inside; list-style-type: disc; text-align: left;\">\r\n<li style=\"box-sizing: inherit; margin: 0px; padding: 0px; font-size: inherit; text-transform: none; list-style: inherit !important;\"><span style=\"box-sizing: inherit; font-weight: bold; line-height: inherit;\">Light Blocking&nbsp;<span style=\"box-sizing: inherit; color: #cc0000;\">Energy</span>&nbsp;Savers.&nbsp;</span>Having the heavy, multi-layered microfiber blackout window curtains or drapes can make a world of a difference in reducing the amount of light that comes in from outside, which has green-conscious consumers excited about investing them as&nbsp;<span style=\"box-sizing: inherit; color: #cc0000; font-weight: bold;\">energy</span>-efficient window treatments. A home insulated and remains warmer in wintertime relieves the strain on home heating and reduces 25 percent&nbsp;<span style=\"box-sizing: inherit; color: #cc0000; font-weight: bold;\">energy</span>&nbsp;budget at most.</li>\r\n</ul>\r\n<ul style=\"box-sizing: inherit; line-height: 1.6; margin: 0px 1.25rem 0px 0px; padding: 0px; list-style-position: inside; list-style-type: disc; text-align: left;\">\r\n<li style=\"box-sizing: inherit; margin: 0px; padding: 0px; font-size: inherit; text-transform: none; list-style: inherit !important;\"><span style=\"box-sizing: inherit; font-weight: bold; line-height: inherit;\">Sleep Soother n Noise Buffer.</span>&nbsp;It\'s hard to get babies to take a rest during the day when the sun is streaming brightly through a bedroom window. Blackout curtains encourage the best possible sleep and most comfortable setting for day sleepers and the ones who have trouble falling asleep, by automatically darkening and lowering noise levels.</li>\r\n</ul>\r\n<ul style=\"box-sizing: inherit; line-height: 1.6; margin: 0px 1.25rem 0px 0px; padding: 0px; list-style-position: inside; list-style-type: disc;\">\r\n<li style=\"box-sizing: inherit; margin: 0px; padding: 0px; font-size: inherit; text-transform: none; list-style: inherit !important; text-align: left;\"><span style=\"box-sizing: inherit; font-weight: bold; line-height: inherit;\">Absolute Privacy n&nbsp;<span style=\"box-sizing: inherit; color: #cc0000;\">Relax</span>.</span>&nbsp;Not only that, but also make your resting zone truly blissful. They would be perfect for any home theater and supply you with enjoyment of watching TV in real darkness.</li>\r\n</ul>\r\n</div>\r\n</article>\r\n</li>\r\n</ul>'),
(15, 14, 'ar', 'الرفوف ، نحاس اصفر - لون احمر', '<h3 class=\"uppercase\" style=\"box-sizing: inherit; text-rendering: optimizelegibility; font-family: DroidNaskh, \'Helvetica Neue\', Helvetica, Helvetica, Arial, sans-serif; margin: 0.2rem 0px 0.5rem; padding: 0px; color: #222222; line-height: 1.4; font-size: 1.57143rem; text-transform: uppercase; background-color: #fafafa; text-align: right;\">معلومات المنتج</h3>\r\n<ul class=\"grouped-list product-grouped-list\" style=\"box-sizing: inherit; line-height: 1.6; margin: 0px 0px 1rem; padding: 0px; list-style-position: outside; list-style-type: none; position: relative; border-radius: 3px; border-color: #e7e7e7; background: #ffffff; box-shadow: rgba(0, 0, 0, 0.08) 0px 2px 5px 0px; color: #0a0a0a; font-family: DroidNaskh, \'Helvetica Neue\', Helvetica, Helvetica, Arial, sans-serif; font-size: 14px;\">\r\n<li id=\"specs\" class=\"level-1\" style=\"box-sizing: inherit; margin: 0px; padding: 1rem 0.571429rem; font-size: inherit; display: block; text-transform: uppercase; border-bottom: 1px solid #e7e7e7; border-radius: 3px 3px 0px 0px; color: #333333; text-align: right;\"><span id=\"Specs\" style=\"box-sizing: inherit; margin-top: -7.14286rem; padding-bottom: 7.14286rem; display: block; height: 0.0714286rem; visibility: hidden;\"></span>\r\n<h4 style=\"box-sizing: inherit; text-rendering: optimizelegibility; font-weight: 400; margin: 0.2rem 0px 0.5rem; padding: 0px; color: #222222; line-height: 1.4; font-size: 1.42857rem;\">المواصفات</h4>\r\n<div id=\"specs-short\" style=\"box-sizing: inherit; margin: 0px; padding: 0px;\">\r\n<dl class=\"stats\" style=\"box-sizing: inherit; line-height: 1.6; margin: 0px; padding: 0.357143rem 0px; list-style-position: outside; text-transform: none; direction: ltr;\">\r\n<dt style=\"box-sizing: inherit; margin: 0px 0px 0.714286rem; padding: 0px 0px 0px 10px; font-weight: bold; float: right; width: 314.812px; text-align: right;\">حزمة سمك</dt>\r\n<dd style=\"box-sizing: inherit; margin: 0px 0px 0.714286rem; padding: 0px; float: right; color: #818181; clear: left; unicode-bidi: plaintext; width: 610.547px; text-align: right;\">57.8 centimeters</dd>\r\n</dl>\r\n<div class=\"clearfix\" style=\"box-sizing: inherit; margin: 0px; padding: 0px;\">&nbsp;</div>\r\n<dl class=\"stats\" style=\"box-sizing: inherit; line-height: 1.6; margin: 0px; padding: 0.357143rem 0px; list-style-position: outside; text-transform: none; direction: ltr;\">\r\n<dt style=\"box-sizing: inherit; margin: 0px 0px 0.714286rem; padding: 0px 0px 0px 10px; font-weight: bold; float: right; width: 314.812px; text-align: right;\">وزن الحزمة</dt>\r\n<dd style=\"box-sizing: inherit; margin: 0px 0px 0.714286rem; padding: 0px; float: right; color: #818181; clear: left; unicode-bidi: plaintext; width: 610.547px; text-align: right;\">2542 grams</dd>\r\n</dl>\r\n<div class=\"clearfix\" style=\"box-sizing: inherit; margin: 0px; padding: 0px;\">&nbsp;</div>\r\n<dl class=\"stats\" style=\"box-sizing: inherit; line-height: 1.6; margin: 0px; padding: 0.357143rem 0px; list-style-position: outside; text-transform: none; direction: ltr;\">\r\n<dt style=\"box-sizing: inherit; margin: 0px 0px 0.714286rem; padding: 0px 0px 0px 10px; font-weight: bold; float: right; width: 314.812px; text-align: right;\">العلامة التجارية</dt>\r\n<dd style=\"box-sizing: inherit; margin: 0px 0px 0.714286rem; padding: 0px; float: right; color: #818181; clear: left; unicode-bidi: plaintext; width: 610.547px; text-align: right;\">اخرى</dd>\r\n</dl>\r\n<div class=\"clearfix\" style=\"box-sizing: inherit; margin: 0px; padding: 0px;\">&nbsp;</div>\r\n<dl class=\"stats\" style=\"box-sizing: inherit; line-height: 1.6; margin: 0px; padding: 0.357143rem 0px; list-style-position: outside; text-transform: none; direction: ltr;\">\r\n<dt style=\"box-sizing: inherit; margin: 0px 0px 0.714286rem; padding: 0px 0px 0px 10px; font-weight: bold; float: right; width: 314.812px; text-align: right;\">المادة</dt>\r\n<dd style=\"box-sizing: inherit; margin: 0px 0px 0.714286rem; padding: 0px; float: right; color: #818181; clear: left; unicode-bidi: plaintext; width: 610.547px; text-align: right;\">نحاس اصفر</dd>\r\n</dl>\r\n<div class=\"clearfix\" style=\"box-sizing: inherit; margin: 0px; padding: 0px;\">&nbsp;</div>\r\n</div>\r\n<a class=\"expand readmore specs\" style=\"box-sizing: inherit; line-height: inherit; background-color: transparent; color: #006fcc; cursor: pointer; -webkit-tap-highlight-color: transparent; text-transform: none; display: inline; padding: 0px; outline: 0px !important;\" data-readmore=\"specs\">إقرأ المزيد</a></li>\r\n<li class=\"level-1 clearfix\" style=\"box-sizing: inherit; margin: 0px; padding: 1rem 0.571429rem; font-size: inherit; display: block; text-transform: uppercase; border-bottom: 0px solid #e7e7e7; border-radius: 3px 3px 0px 0px; color: #333333;\"><span id=\"Description\" style=\"box-sizing: inherit; margin-top: -7.14286rem; padding-bottom: 7.14286rem; display: block; height: 0.0714286rem; visibility: hidden;\"></span>\r\n<h4 style=\"box-sizing: inherit; text-rendering: optimizelegibility; font-weight: 400; margin: 0.2rem 0px 0.5rem; padding: 0px; color: #222222; line-height: 1.4; font-size: 1.42857rem; text-align: right;\">الوصف:</h4>\r\n<article style=\"box-sizing: inherit;\">\r\n<div class=\"\" style=\"box-sizing: inherit; margin: 0px; padding: 0px;\"><span style=\"box-sizing: border-box; font-family: opensans, \'Helvetica Neue\', Helvetica, Helvetica, Arial, sans-serif; line-height: 22.4px;\">KEEP SHOES ORDERLY ORGANIZED AND WITHIN REACH WITH THIS DURABLE DESIGN</span></div>\r\n</article>\r\n</li>\r\n<li style=\"box-sizing: border-box; margin: 0px; padding: 1rem 1.07143rem; display: block; font-family: opensans, \'Helvetica Neue\', Helvetica, Helvetica, Arial, sans-serif; line-height: 22.4px; text-align: right;\"><span style=\"box-sizing: border-box;\">SHOE RACK COVER KEEPS YOUR SHOES UN-VIEWABLE AND KEEPS YOUR ROOM NEAT</span></li>\r\n<li class=\"level-1 clearfix\" style=\"box-sizing: inherit; margin: 0px; padding: 1rem 0.571429rem; font-size: inherit; display: block; text-transform: uppercase; border-bottom: 0px solid #e7e7e7; border-radius: 3px 3px 0px 0px; color: #333333;\">\r\n<article style=\"box-sizing: inherit;\">\r\n<div class=\"\" style=\"box-sizing: inherit; margin: 0px; padding: 0px;\"></div>\r\n</article>\r\n</li>\r\n<li style=\"box-sizing: border-box; margin: 0px; padding: 1rem 1.07143rem; display: block; font-family: opensans, \'Helvetica Neue\', Helvetica, Helvetica, Arial, sans-serif; line-height: 22.4px; text-align: right;\"><span style=\"box-sizing: border-box;\">LIGHTWEIGHT AND EASY TO MOVE</span></li>\r\n<li class=\"level-1 clearfix\" style=\"box-sizing: inherit; margin: 0px; padding: 1rem 0.571429rem; font-size: inherit; display: block; text-transform: uppercase; border-bottom: 0px solid #e7e7e7; border-radius: 3px 3px 0px 0px; color: #333333;\">\r\n<article style=\"box-sizing: inherit;\">\r\n<div class=\"\" style=\"box-sizing: inherit; margin: 0px; padding: 0px;\"></div>\r\n</article>\r\n</li>\r\n<li style=\"box-sizing: border-box; margin: 0px; padding: 1rem 1.07143rem; display: block; font-family: opensans, \'Helvetica Neue\', Helvetica, Helvetica, Arial, sans-serif; line-height: 22.4px; text-align: right;\"><span style=\"box-sizing: border-box;\">6 TIERS SHOE CABINET, STORE 36 PAIR SHOES</span></li>\r\n<li class=\"level-1 clearfix\" style=\"box-sizing: inherit; margin: 0px; padding: 1rem 0.571429rem; font-size: inherit; display: block; text-transform: uppercase; border-bottom: 0px solid #e7e7e7; border-radius: 3px 3px 0px 0px; color: #333333;\">\r\n<article style=\"box-sizing: inherit;\">\r\n<div class=\"\" style=\"box-sizing: inherit; margin: 0px; padding: 0px;\"></div>\r\n</article>\r\n</li>\r\n<li style=\"box-sizing: border-box; margin: 0px; padding: 1rem 1.07143rem; display: block; font-family: opensans, \'Helvetica Neue\', Helvetica, Helvetica, Arial, sans-serif; line-height: 22.4px; text-align: right;\"><span style=\"box-sizing: border-box;\">IT\'S A NICE WAY TO STORE THE SHOES, YOU CAN QUICKLY FIND THE RIGHT SHOES.</span></li>\r\n<li id=\"description\" class=\"level-1 clearfix\" style=\"box-sizing: inherit; margin: 0px; padding: 1rem 0.571429rem; font-size: inherit; display: block; text-transform: uppercase; border-bottom: 0px solid #e7e7e7; border-radius: 3px 3px 0px 0px; color: #333333;\">\r\n<article style=\"box-sizing: inherit;\">\r\n<div id=\"description-short\" class=\"\" style=\"box-sizing: inherit; margin: 0px; padding: 0px;\"></div>\r\n</article>\r\n</li>\r\n</ul>');
INSERT INTO `product_translations` (`id`, `product_id`, `locale`, `product_name`, `product_details`) VALUES
(16, 15, 'ar', 'بيج -مكتب شاسيه معدنى', '<h3 class=\"uppercase\" style=\"box-sizing: inherit; text-rendering: optimizelegibility; font-family: DroidNaskh, \'Helvetica Neue\', Helvetica, Helvetica, Arial, sans-serif; margin: 0.2rem 0px 0.5rem; padding: 0px; color: #222222; line-height: 1.4; font-size: 1.57143rem; text-transform: uppercase; background-color: #fafafa; text-align: right;\">معلومات المنتج</h3>\r\n<ul class=\"grouped-list product-grouped-list\" style=\"box-sizing: inherit; line-height: 1.6; margin: 0px 0px 1rem; padding: 0px; list-style-position: outside; list-style-type: none; position: relative; border-radius: 3px; border-color: #e7e7e7; background: #ffffff; box-shadow: rgba(0, 0, 0, 0.08) 0px 2px 5px 0px; color: #0a0a0a; font-family: DroidNaskh, \'Helvetica Neue\', Helvetica, Helvetica, Arial, sans-serif; font-size: 14px;\">\r\n<li id=\"specs\" class=\"level-1\" style=\"box-sizing: inherit; margin: 0px; padding: 1rem 0.571429rem; font-size: inherit; display: block; text-transform: uppercase; border-bottom: 1px solid #e7e7e7; border-radius: 3px 3px 0px 0px; color: #333333; text-align: right;\"><span id=\"Specs\" style=\"box-sizing: inherit; margin-top: -7.14286rem; padding-bottom: 7.14286rem; display: block; height: 0.0714286rem; visibility: hidden;\"></span>\r\n<h4 style=\"box-sizing: inherit; text-rendering: optimizelegibility; font-weight: 400; margin: 0.2rem 0px 0.5rem; padding: 0px; color: #222222; line-height: 1.4; font-size: 1.42857rem;\">المواصفات</h4>\r\n<div id=\"specs-short\" style=\"box-sizing: inherit; margin: 0px; padding: 0px;\">\r\n<dl class=\"stats\" style=\"box-sizing: inherit; line-height: 1.6; margin: 0px; padding: 0.357143rem 0px; list-style-position: outside; text-transform: none; direction: ltr;\">\r\n<dt style=\"box-sizing: inherit; margin: 0px 0px 0.714286rem; padding: 0px 0px 0px 10px; font-weight: bold; float: right; width: 314.812px; text-align: right;\">حزمة سمك</dt>\r\n<dd style=\"box-sizing: inherit; margin: 0px 0px 0.714286rem; padding: 0px; float: right; color: #818181; clear: left; unicode-bidi: plaintext; width: 610.547px; text-align: right;\">80 centimeters</dd>\r\n</dl>\r\n<div class=\"clearfix\" style=\"box-sizing: inherit; margin: 0px; padding: 0px;\">&nbsp;</div>\r\n<dl class=\"stats\" style=\"box-sizing: inherit; line-height: 1.6; margin: 0px; padding: 0.357143rem 0px; list-style-position: outside; text-transform: none; direction: ltr;\">\r\n<dt style=\"box-sizing: inherit; margin: 0px 0px 0.714286rem; padding: 0px 0px 0px 10px; font-weight: bold; float: right; width: 314.812px; text-align: right;\">وزن الحزمة</dt>\r\n<dd style=\"box-sizing: inherit; margin: 0px 0px 0.714286rem; padding: 0px; float: right; color: #818181; clear: left; unicode-bidi: plaintext; width: 610.547px; text-align: right;\">25000 grams</dd>\r\n</dl>\r\n<div class=\"clearfix\" style=\"box-sizing: inherit; margin: 0px; padding: 0px;\">&nbsp;</div>\r\n<dl class=\"stats\" style=\"box-sizing: inherit; line-height: 1.6; margin: 0px; padding: 0.357143rem 0px; list-style-position: outside; text-transform: none; direction: ltr;\">\r\n<dt style=\"box-sizing: inherit; margin: 0px 0px 0.714286rem; padding: 0px 0px 0px 10px; font-weight: bold; float: right; width: 314.812px; text-align: right;\">العلامة التجارية</dt>\r\n<dd style=\"box-sizing: inherit; margin: 0px 0px 0.714286rem; padding: 0px; float: right; color: #818181; clear: left; unicode-bidi: plaintext; width: 610.547px; text-align: right;\">اخرى</dd>\r\n</dl>\r\n<div class=\"clearfix\" style=\"box-sizing: inherit; margin: 0px; padding: 0px;\">&nbsp;</div>\r\n<dl class=\"stats\" style=\"box-sizing: inherit; line-height: 1.6; margin: 0px; padding: 0.357143rem 0px; list-style-position: outside; text-transform: none; direction: ltr;\">\r\n<dt style=\"box-sizing: inherit; margin: 0px 0px 0.714286rem; padding: 0px 0px 0px 10px; font-weight: bold; float: right; width: 314.812px; text-align: right;\">المادة</dt>\r\n<dd style=\"box-sizing: inherit; margin: 0px 0px 0.714286rem; padding: 0px; float: right; color: #818181; clear: left; unicode-bidi: plaintext; width: 610.547px; text-align: right;\">متعدد</dd>\r\n</dl>\r\n<div class=\"clearfix\" style=\"box-sizing: inherit; margin: 0px; padding: 0px;\">&nbsp;</div>\r\n</div>\r\n<a class=\"expand readmore specs\" style=\"box-sizing: inherit; line-height: inherit; background-color: transparent; color: #006fcc; cursor: pointer; -webkit-tap-highlight-color: transparent; text-transform: none; display: inline; padding: 0px; outline: 0px !important;\" data-readmore=\"specs\">إقرأ المزيد</a></li>\r\n<li id=\"description\" class=\"level-1 clearfix\" style=\"box-sizing: inherit; margin: 0px; padding: 1rem 0.571429rem; font-size: inherit; display: block; text-transform: uppercase; border-bottom: 0px solid #e7e7e7; border-radius: 3px 3px 0px 0px; color: #333333;\"><span id=\"Description\" style=\"box-sizing: inherit; margin-top: -7.14286rem; padding-bottom: 7.14286rem; display: block; height: 0.0714286rem; visibility: hidden;\"></span>\r\n<h4 style=\"box-sizing: inherit; text-rendering: optimizelegibility; font-weight: 400; margin: 0.2rem 0px 0.5rem; padding: 0px; color: #222222; line-height: 1.4; font-size: 1.42857rem; text-align: right;\">الوصف:</h4>\r\n<article style=\"box-sizing: inherit;\">\r\n<div id=\"description-full\" class=\"\" style=\"box-sizing: inherit; margin: 0px; padding: 0px;\">\r\n<ul class=\"generatedBullets\" style=\"box-sizing: inherit; line-height: 1.6; margin: 0px 1.25rem 0px 0px; padding: 0px; list-style-position: inside; list-style-type: disc;\">\r\n<li style=\"box-sizing: inherit; margin: 0px; padding: 0px; font-size: inherit; text-transform: none; list-style: inherit !important; text-align: right;\">العمق : 60 سم</li>\r\n<li style=\"box-sizing: inherit; margin: 0px; padding: 0px; font-size: inherit; text-transform: none; list-style: inherit !important; text-align: right;\">ارتفاع : 75 سم</li>\r\n<li style=\"box-sizing: inherit; margin: 0px; padding: 0px; font-size: inherit; text-transform: none; list-style: inherit !important; text-align: right;\">العرض : 120 سم</li>\r\n<li style=\"box-sizing: inherit; margin: 0px; padding: 0px; font-size: inherit; text-transform: none; list-style: inherit !important; text-align: right;\">العلامة التجارية : اخرى</li>\r\n<li style=\"box-sizing: inherit; margin: 0px; padding: 0px; font-size: inherit; text-transform: none; list-style: inherit !important; text-align: right;\">عدد القطع : 4</li>\r\n<li style=\"box-sizing: inherit; margin: 0px; padding: 0px; font-size: inherit; text-transform: none; list-style: inherit !important; text-align: right;\">اللون : بيج</li>\r\n<li style=\"box-sizing: inherit; margin: 0px; padding: 0px; font-size: inherit; text-transform: none; list-style: inherit !important; text-align: right;\">وزن الشحن : 22</li>\r\n<li style=\"box-sizing: inherit; margin: 0px; padding: 0px; font-size: inherit; text-transform: none; list-style: inherit !important; text-align: right;\">المادة : متعدد</li>\r\n<li style=\"box-sizing: inherit; margin: 0px; padding: 0px; font-size: inherit; text-transform: none; list-style: inherit !important; text-align: right;\">نوع : مكاتب</li>\r\n<li style=\"box-sizing: inherit; margin: 0px; padding: 0px; font-size: inherit; text-transform: none; list-style: inherit !important; text-align: right;\">مكتب بشاسيه معدنى و قرصة&nbsp; ام دى اف</li>\r\n</ul>\r\n</div>\r\n</article>\r\n</li>\r\n</ul>'),
(17, 16, 'ar', 'كرسي الالعاب المريح ارمر - اس من كوغار، برتقالي / اسود', '<ul class=\"grouped-list product-grouped-list\" style=\"box-sizing: inherit; line-height: 1.6; margin: 0px 0px 1rem; padding: 0px; list-style-position: outside; list-style-type: none; position: relative; border-radius: 3px; border-color: #e7e7e7; background: #ffffff; box-shadow: rgba(0, 0, 0, 0.08) 0px 2px 5px 0px; color: #0a0a0a; font-family: DroidNaskh, \'Helvetica Neue\', Helvetica, Helvetica, Arial, sans-serif; font-size: 14px;\">\r\n<li id=\"specs\" class=\"level-1\" style=\"box-sizing: inherit; margin: 0px; padding: 1rem 0.571429rem; font-size: inherit; display: block; text-transform: uppercase; border-bottom: 1px solid #e7e7e7; border-radius: 3px 3px 0px 0px; color: #333333;\">\r\n<h4 style=\"box-sizing: inherit; text-rendering: optimizelegibility; font-weight: 400; margin: 0.2rem 0px 0.5rem; padding: 0px; color: #222222; line-height: 1.4; font-size: 1.42857rem; text-align: right;\">المواصفات</h4>\r\n<div id=\"specs-full\" class=\"\" style=\"box-sizing: inherit; margin: 0px; padding: 0px; text-align: right;\">\r\n<dl class=\"stats\" style=\"box-sizing: inherit; line-height: 1.6; margin: 0px; padding: 0.357143rem 0px; list-style-position: outside; text-transform: none; direction: ltr;\">\r\n<dt style=\"box-sizing: inherit; margin: 0px 0px 0.714286rem; padding: 0px 0px 0px 10px; font-weight: bold; float: right; width: 314.812px; text-align: right;\">حزمة سمك</dt>\r\n<dd style=\"box-sizing: inherit; margin: 0px 0px 0.714286rem; padding: 0px; float: right; color: #818181; clear: left; unicode-bidi: plaintext; width: 610.547px; text-align: right;\">86.5 centimeters</dd>\r\n</dl>\r\n<div class=\"clearfix\" style=\"box-sizing: inherit; margin: 0px; padding: 0px;\">&nbsp;</div>\r\n<dl class=\"stats\" style=\"box-sizing: inherit; line-height: 1.6; margin: 0px; padding: 0.357143rem 0px; list-style-position: outside; text-transform: none; direction: ltr;\">\r\n<dt style=\"box-sizing: inherit; margin: 0px 0px 0.714286rem; padding: 0px 0px 0px 10px; font-weight: bold; float: right; width: 314.812px; text-align: right;\">وزن الحزمة</dt>\r\n<dd style=\"box-sizing: inherit; margin: 0px 0px 0.714286rem; padding: 0px; float: right; color: #818181; clear: left; unicode-bidi: plaintext; width: 610.547px; text-align: right;\">27000 grams</dd>\r\n</dl>\r\n<div class=\"clearfix\" style=\"box-sizing: inherit; margin: 0px; padding: 0px;\">&nbsp;</div>\r\n<dl class=\"stats\" style=\"box-sizing: inherit; line-height: 1.6; margin: 0px; padding: 0.357143rem 0px; list-style-position: outside; text-transform: none; direction: ltr;\">\r\n<dt style=\"box-sizing: inherit; margin: 0px 0px 0.714286rem; padding: 0px 0px 0px 10px; font-weight: bold; float: right; width: 314.812px; text-align: right;\">اللون</dt>\r\n<dd style=\"box-sizing: inherit; margin: 0px 0px 0.714286rem; padding: 0px; float: right; color: #818181; clear: left; unicode-bidi: plaintext; width: 610.547px; text-align: right;\"></dd>\r\n</dl>\r\n<div class=\"clearfix\" style=\"box-sizing: inherit; margin: 0px; padding: 0px;\">&nbsp;</div>\r\n<dl class=\"stats\" style=\"box-sizing: inherit; line-height: 1.6; margin: 0px; padding: 0.357143rem 0px; list-style-position: outside; text-transform: none; direction: ltr;\">\r\n<dt style=\"box-sizing: inherit; margin: 0px 0px 0.714286rem; padding: 0px 0px 0px 10px; font-weight: bold; float: right; width: 314.812px; text-align: right;\">EAN-13</dt>\r\n<dd style=\"box-sizing: inherit; margin: 0px 0px 0.714286rem; padding: 0px; float: right; color: #818181; clear: left; unicode-bidi: plaintext; width: 610.547px; text-align: right;\">4715302449728</dd>\r\n</dl>\r\n<div class=\"clearfix\" style=\"box-sizing: inherit; margin: 0px; padding: 0px;\">&nbsp;</div>\r\n<dl class=\"stats\" style=\"box-sizing: inherit; line-height: 1.6; margin: 0px; padding: 0.357143rem 0px; list-style-position: outside; text-transform: none; direction: ltr;\">\r\n<dt style=\"box-sizing: inherit; margin: 0px 0px 0.714286rem; padding: 0px 0px 0px 10px; font-weight: bold; float: right; width: 314.812px; text-align: right;\">العلامة التجارية</dt>\r\n<dd style=\"box-sizing: inherit; margin: 0px 0px 0.714286rem; padding: 0px; float: right; color: #818181; clear: left; unicode-bidi: plaintext; width: 610.547px; text-align: right;\">كوغار</dd>\r\n</dl>\r\n<div class=\"clearfix\" style=\"box-sizing: inherit; margin: 0px; padding: 0px;\">&nbsp;</div>\r\n<dl class=\"stats\" style=\"box-sizing: inherit; line-height: 1.6; margin: 0px; padding: 0.357143rem 0px; list-style-position: outside; text-transform: none; direction: ltr;\">\r\n<dt style=\"box-sizing: inherit; margin: 0px 0px 0.714286rem; padding: 0px 0px 0px 10px; font-weight: bold; float: right; width: 314.812px; text-align: right;\">العرض</dt>\r\n<dd style=\"box-sizing: inherit; margin: 0px 0px 0.714286rem; padding: 0px; float: right; color: #818181; clear: left; unicode-bidi: plaintext; width: 610.547px; text-align: right;\">50.5 سم</dd>\r\n</dl>\r\n<div class=\"clearfix\" style=\"box-sizing: inherit; margin: 0px; padding: 0px;\">&nbsp;</div>\r\n<dl class=\"stats\" style=\"box-sizing: inherit; line-height: 1.6; margin: 0px; padding: 0.357143rem 0px; list-style-position: outside; text-transform: none; direction: ltr;\">\r\n<dt style=\"box-sizing: inherit; margin: 0px 0px 0.714286rem; padding: 0px 0px 0px 10px; font-weight: bold; float: right; width: 314.812px; text-align: right;\">وزن المنتج</dt>\r\n<dd style=\"box-sizing: inherit; margin: 0px 0px 0.714286rem; padding: 0px; float: right; color: #818181; clear: left; unicode-bidi: plaintext; width: 610.547px; text-align: right;\">21 كغم</dd>\r\n</dl>\r\n<div class=\"clearfix\" style=\"box-sizing: inherit; margin: 0px; padding: 0px;\">&nbsp;</div>\r\n<dl class=\"stats\" style=\"box-sizing: inherit; line-height: 1.6; margin: 0px; padding: 0.357143rem 0px; list-style-position: outside; text-transform: none; direction: ltr;\">\r\n<dt style=\"box-sizing: inherit; margin: 0px 0px 0.714286rem; padding: 0px 0px 0px 10px; font-weight: bold; float: right; width: 314.812px; text-align: right;\">النوع</dt>\r\n<dd style=\"box-sizing: inherit; margin: 0px 0px 0.714286rem; padding: 0px; float: right; color: #818181; clear: left; unicode-bidi: plaintext; width: 610.547px; text-align: right;\">كراسي العاب الفيديو</dd>\r\n</dl>\r\n<div class=\"clearfix\" style=\"box-sizing: inherit; margin: 0px; padding: 0px;\">&nbsp;</div>\r\n<dl class=\"stats\" style=\"box-sizing: inherit; line-height: 1.6; margin: 0px; padding: 0.357143rem 0px; list-style-position: outside; text-transform: none; direction: ltr;\">\r\n<dt style=\"box-sizing: inherit; margin: 0px 0px 0.714286rem; padding: 0px 0px 0px 10px; font-weight: bold; float: right; width: 314.812px; text-align: right;\">الرقم المميز للسلعة</dt>\r\n<dd style=\"box-sizing: inherit; margin: 0px 0px 0.714286rem; padding: 0px; float: right; color: #818181; clear: left; unicode-bidi: plaintext; width: 610.547px; text-align: right;\">2724572850648</dd>\r\n</dl>\r\n<div class=\"clearfix\" style=\"box-sizing: inherit; margin: 0px; padding: 0px;\">&nbsp;</div>\r\n<h5 class=\"stats-title\" style=\"box-sizing: inherit; text-rendering: optimizelegibility; font-weight: 400; margin: 0.2rem 0px 0.5rem; padding: 0.142857rem 0.357143rem 0.142857rem 0px; color: #222222; line-height: 1.4; font-size: 1.28571rem; text-align: right;\">اللون</h5>\r\n<dl class=\"stats\" style=\"box-sizing: inherit; line-height: 1.6; margin: 0px; padding: 0.357143rem 0px; list-style-position: outside; text-transform: none; direction: ltr;\">\r\n<dt style=\"box-sizing: inherit; margin: 0px 0px 0.714286rem; padding: 0px 0px 0px 10px; font-weight: bold; float: right; width: 314.812px; text-align: right;\">اللون</dt>\r\n<dd style=\"box-sizing: inherit; margin: 0px 0px 0.714286rem; padding: 0px; float: right; color: #818181; clear: left; unicode-bidi: plaintext; width: 610.547px; text-align: right;\">برتقالي و اسود</dd>\r\n</dl>\r\n<div class=\"clearfix\" style=\"box-sizing: inherit; margin: 0px; padding: 0px;\">&nbsp;</div>\r\n<h5 class=\"stats-title\" style=\"box-sizing: inherit; text-rendering: optimizelegibility; font-weight: 400; margin: 0.2rem 0px 0.5rem; padding: 0.142857rem 0.357143rem 0.142857rem 0px; color: #222222; line-height: 1.4; font-size: 1.28571rem; text-align: right;\">الوزن والأبعاد</h5>\r\n<dl class=\"stats\" style=\"box-sizing: inherit; line-height: 1.6; margin: 0px; padding: 0.357143rem 0px; list-style-position: outside; text-transform: none; direction: ltr;\">\r\n<dt style=\"box-sizing: inherit; margin: 0px 0px 0.714286rem; padding: 0px 0px 0px 10px; font-weight: bold; float: right; width: 314.812px; text-align: right;\">ارتفاع</dt>\r\n<dd style=\"box-sizing: inherit; margin: 0px 0px 0.714286rem; padding: 0px; float: right; color: #818181; clear: left; unicode-bidi: plaintext; width: 610.547px; text-align: right;\">83 سم</dd>\r\n</dl>\r\n<div class=\"clearfix\" style=\"box-sizing: inherit; margin: 0px; padding: 0px;\">&nbsp;</div>\r\n<h5 class=\"stats-title\" style=\"box-sizing: inherit; text-rendering: optimizelegibility; font-weight: 400; margin: 0.2rem 0px 0.5rem; padding: 0.142857rem 0.357143rem 0.142857rem 0px; color: #222222; line-height: 1.4; font-size: 1.28571rem; text-align: right;\">دي جي</h5>\r\n<dl class=\"stats\" style=\"box-sizing: inherit; line-height: 1.6; margin: 0px; padding: 0.357143rem 0px; list-style-position: outside; text-transform: none; direction: ltr;\">\r\n<dt style=\"box-sizing: inherit; margin: 0px 0px 0.714286rem; padding: 0px 0px 0px 10px; font-weight: bold; float: right; width: 314.812px; text-align: right;\">هل يتطلب هذا المنتج بطارية او يحتوي بطارية</dt>\r\n<dd style=\"box-sizing: inherit; margin: 0px 0px 0.714286rem; padding: 0px; float: right; color: #818181; clear: left; unicode-bidi: plaintext; width: 610.547px; text-align: right;\"></dd>\r\n</dl>\r\n<div class=\"clearfix\" style=\"box-sizing: inherit; margin: 0px; padding: 0px;\">&nbsp;</div>\r\n</div>\r\n<a class=\"expand readmore specs collapsed\" style=\"box-sizing: inherit; line-height: inherit; background-color: transparent; color: #006fcc; text-decoration-line: none; cursor: pointer; -webkit-tap-highlight-color: transparent; text-transform: none; display: block; padding: 0px; outline: 0px !important;\" href=\"https://egypt.souq.com/eg-ar/%D9%83%D8%B1%D8%B3%D9%8A-%D8%A7%D9%84%D8%A7%D9%84%D8%B9%D8%A7%D8%A8-%D8%A7%D9%84%D9%85%D8%B1%D9%8A%D8%AD-%D8%A7%D8%B1%D9%85%D8%B1-%D8%A7%D8%B3-%D9%85%D9%86-%D9%83%D9%88%D8%BA%D8%A7%D8%B1-%D8%A8%D8%B1%D8%AA%D9%82%D8%A7%D9%84%D9%8A-%D8%A7%D8%B3%D9%88%D8%AF-30693451/i/#specs\" data-readmore=\"specs\">إقرأ أقل</a></li>\r\n<li id=\"description\" class=\"level-1 clearfix\" style=\"box-sizing: inherit; margin: 0px; padding: 1rem 0.571429rem; font-size: inherit; display: block; text-transform: uppercase; border-bottom: 0px solid #e7e7e7; border-radius: 3px 3px 0px 0px; color: #333333;\"><span id=\"Description\" style=\"box-sizing: inherit; margin-top: -7.14286rem; padding-bottom: 7.14286rem; display: block; height: 0.0714286rem; visibility: hidden;\"></span>\r\n<h4 style=\"box-sizing: inherit; text-rendering: optimizelegibility; font-weight: 400; margin: 0.2rem 0px 0.5rem; padding: 0px; color: #222222; line-height: 1.4; font-size: 1.42857rem; text-align: right;\">الوصف:</h4>\r\n<article style=\"box-sizing: inherit;\">\r\n<div id=\"description-full\" class=\"\" style=\"box-sizing: inherit; margin: 0px; padding: 0px;\">\r\n<div class=\"container columns\" style=\"box-sizing: inherit; margin: 0px; padding: 0px 1.07143rem; width: 954px; float: right;\">\r\n<div class=\"row\" style=\"box-sizing: inherit; margin: 0px -1.07143rem; padding: 0px; max-width: 71.4286rem; text-align: right;\">\r\n<div class=\"large-12 medium-12 columns\" style=\"box-sizing: inherit; margin: 0px; padding: 0px 1.07143rem; width: 954px; float: right;\">\r\n<p style=\"box-sizing: inherit; text-rendering: optimizelegibility; line-height: 1.6; margin: 0px 0px 0.714286rem; padding: 0px; font-size: inherit; text-transform: none;\">يعد كرسي الألعاب المريح كوغار ارمر مزيجا مثاليا يجمع بين الميزات الفاخرة ومزايا الراحة التي لا تضاهى، سيأخذك هذا الكرسي في تجربة ألعاب من المستوى الرفيع. بفضل الرغوة الخاصة عالية الكثافة والجلد الصناعي الفاخر، إضافة إلى تصميمه الأنيق والمطرز بشكل الألماس الفريد من نوعه، فإن هذا الكرسي يعد الخيار الأمثل لعشاق الألعاب على شبكة الإنترنت. يوفر لك هذا الكرسي الراحة التي تحتاجها للاستمتاع عند اللعب لفترات طويلة، كما ان كرسي الألعاب هذا قوي كما يشير اسمه. تم تصميم هذا الكرسي من مواد عالية الجودة، مما سيضمن لك استخدامه لفترة طويلة من الزمن. تم تصميم ركائز هذا الكرسي من الفولاذ، مما يزيد من ميزات الثبات لديه على المدى الطويل، كما أن هذه الركائز ستوفر الدعم القوي للجسم. علاوة على ذلك، يحتوي كرسي الألعاب المريح كوغار ارمر على نظام تحكم بالارتفاع يعتمد على الغاز ومكون من 4 اسطوانات مما يوفر لك موثوقية عالية واستعمالا آمنا بشكل لا مثيل له، وبالتالي فإن هذا النظام سيوفر مقاومة عالية وسلاسة فائقة عند الاستخدام. يحافظ الشعار المطرز على كرسي الألعاب كوغار ارمر على مظهره الأنيق لسنوات طويلة.</p>\r\n</div>\r\n</div>\r\n<div class=\"row\" style=\"box-sizing: inherit; margin: 0px -1.07143rem; padding: 0px; max-width: 71.4286rem; text-align: right;\">\r\n<div class=\"large-12 medium-12 columns\" style=\"box-sizing: inherit; margin: 0px; padding: 0px 1.07143rem; width: 954px; float: right;\">\r\n<h4 style=\"box-sizing: inherit; text-rendering: optimizelegibility; font-weight: 400; margin: 0.2rem 0px 0.5rem; padding: 0px; color: #222222; line-height: 1.4; font-size: 1.42857rem;\"><span style=\"box-sizing: inherit; font-weight: bold; line-height: inherit;\">المميزات الرئيسية</span></h4>\r\n<div class=\"row kf-ar\" style=\"box-sizing: inherit; margin: 0px -1.07143rem; padding: 15px; max-width: 71.4286rem;\">\r\n<div class=\"large-6 medium-6 small-12 columns\" style=\"box-sizing: inherit; margin: 0px; padding: 0px 1.07143rem; width: 462px; float: right;\">\r\n<div class=\"row\" style=\"box-sizing: inherit; margin: 0px -1.07143rem; padding: 0px; max-width: 71.4286rem;\">\r\n<p class=\"large-1 medium-1 small-1 ic-weight\" style=\"box-sizing: inherit; text-rendering: optimizelegibility; line-height: 1; margin: 0px; padding: 0px; font-size: 22px; width: 38.4844px; speak: none; font-variant-numeric: normal; font-variant-east-asian: normal; -webkit-font-smoothing: antialiased; text-transform: none; text-align: center; float: right; font-family: ic-catalog !important;\">&nbsp;</p>\r\n<p class=\"large-10 medium-10 small-10\" style=\"box-sizing: inherit; text-rendering: optimizelegibility; line-height: 1.6; margin: 0px 10px 0px 0px; padding: 5px; font-size: inherit; width: 385px; text-transform: none; float: right; direction: rtl;\">قدرة التحمل: 120 كجم</p>\r\n</div>\r\n<div class=\"row\" style=\"box-sizing: inherit; margin: 0px -1.07143rem; padding: 0px; max-width: 71.4286rem;\">\r\n<p class=\"large-1 medium-1 small-1 fi-info\" style=\"box-sizing: inherit; text-rendering: optimizelegibility; line-height: 1.6; margin: 0px; padding: 0px; font-size: 22px; width: 38.4844px; text-transform: none; text-align: center; float: right;\">&nbsp;</p>\r\n<p class=\"large-10 medium-10 small-10\" style=\"box-sizing: inherit; text-rendering: optimizelegibility; line-height: 1.6; margin: 0px 10px 0px 0px; padding: 5px; font-size: inherit; width: 385px; text-transform: none; float: right; direction: rtl;\">مصمم من الجلد الصناعي الذي يسمح بمرور الهواء</p>\r\n</div>\r\n<div class=\"row\" style=\"box-sizing: inherit; margin: 0px -1.07143rem; padding: 0px; max-width: 71.4286rem;\">\r\n<p class=\"large-1 medium-1 small-1 fi-info\" style=\"box-sizing: inherit; text-rendering: optimizelegibility; line-height: 1.6; margin: 0px; padding: 0px; font-size: 22px; width: 38.4844px; text-transform: none; text-align: center; float: right;\">&nbsp;</p>\r\n<p class=\"large-10 medium-10 small-10\" style=\"box-sizing: inherit; text-rendering: optimizelegibility; line-height: 1.6; margin: 0px 10px 0px 0px; padding: 5px; font-size: inherit; width: 385px; text-transform: none; float: right; direction: rtl;\">اتجاه حركة مساند الاذرع: للاتجاهات الاربعة</p>\r\n</div>\r\n</div>\r\n<div class=\"large-6 medium-6 small-12 columns\" style=\"box-sizing: inherit; margin: 0px; padding: 0px 1.07143rem; width: 462px; float: left;\">\r\n<div class=\"row\" style=\"box-sizing: inherit; margin: 0px -1.07143rem; padding: 0px; max-width: 71.4286rem;\">\r\n<p class=\"large-1 medium-1 small-1 fi-info\" style=\"box-sizing: inherit; text-rendering: optimizelegibility; line-height: 1.6; margin: 0px; padding: 0px; font-size: 22px; width: 38.4844px; text-transform: none; text-align: center; float: right;\">&nbsp;</p>\r\n<p class=\"large-10 medium-10 small-10\" style=\"box-sizing: inherit; text-rendering: optimizelegibility; line-height: 1.6; margin: 0px 10px 0px 0px; padding: 5px; font-size: inherit; width: 385px; text-transform: none; float: right; direction: rtl;\">نظام مقاومة قابل للتعديل</p>\r\n</div>\r\n<div class=\"row\" style=\"box-sizing: inherit; margin: 0px -1.07143rem; padding: 0px; max-width: 71.4286rem;\">\r\n<p class=\"large-1 medium-1 small-1 fi-info\" style=\"box-sizing: inherit; text-rendering: optimizelegibility; line-height: 1.6; margin: 0px; padding: 0px; font-size: 22px; width: 38.4844px; text-transform: none; text-align: center; float: right;\">&nbsp;</p>\r\n<p class=\"large-10 medium-10 small-10\" style=\"box-sizing: inherit; text-rendering: optimizelegibility; line-height: 1.6; margin: 0px 10px 0px 0px; padding: 5px; font-size: inherit; width: 385px; text-transform: none; float: right; direction: rtl;\">يمكن التحكم بزاويته لـ 180 درجة</p>\r\n</div>\r\n</div>\r\n</div>\r\n</div>\r\n</div>\r\n<div class=\"row mart-30\" style=\"box-sizing: inherit; padding: 0px; max-width: 71.4286rem; margin: 30px !important -1.07143rem 0px -1.07143rem;\">\r\n<div class=\"large-6 medium-12 text-center left columns mart-20\" style=\"box-sizing: inherit; padding: 0px 1.07143rem; width: 477px; float: left; text-align: right; margin: 20px !important 0px 0px 0px;\"><img class=\"lazy-loaded\" style=\"box-sizing: inherit; max-width: 100%; border: 0px; height: auto; display: inline-block; vertical-align: middle;\" src=\"https://souqcms.s3.amazonaws.com/spring/images/2018/cougar/armor-ergonomic-comfortable-gaming-chair-orange-black/1-armor-ergonomic-comfortable-gaming-chair-orange-black.jpg\" alt=\"كرسي الالعاب كوغار ارمر\" data-src=\"https://souqcms.s3.amazonaws.com/spring/images/2018/cougar/armor-ergonomic-comfortable-gaming-chair-orange-black/1-armor-ergonomic-comfortable-gaming-chair-orange-black.jpg\" /></div>\r\n<div class=\"large-6 medium-12 right columns\" style=\"box-sizing: inherit; margin: 0px; padding: 0px 1.07143rem; width: 477px; float: left;\">\r\n<h4 style=\"box-sizing: inherit; text-rendering: optimizelegibility; font-weight: 400; margin: 0.2rem 0px 0.5rem; padding: 0px; color: #222222; line-height: 1.4; font-size: 1.42857rem; text-align: right;\"><span style=\"box-sizing: inherit; font-weight: bold; line-height: inherit;\">راحة لا نظير لها</span></h4>\r\n<p style=\"box-sizing: inherit; text-rendering: optimizelegibility; line-height: 1.6; margin: 0px 0px 0.714286rem; padding: 0px; font-size: inherit; text-transform: none; text-align: right;\">يعد كرسي الألعاب كوغار ارمر الخيار الأمثل لجلسات الألعاب الطويلة، ويوفر لك هذا الكرسي راحة استثنائية بفضل تصميمه القابل للتعديل بالكامل والجودة العالية التي يتميز بها. هذا الكرسي مصمم بشكل خاص لعشاق الألعاب، كما ويحتوي هذا الكرسي على بنية خلفية عالية توفر دعما ممتازا لظهرك، وبالتالي فإنه مثالي لساعات اللعب الطويلة. يسمح الجلد الصناعي عالي الكثافة للهواء بالمرور، كما أن ملمسه مريح وناعم مما يجعلك تشعر بالراحة والانتعاش.</p>\r\n<div class=\"mart-10\" style=\"box-sizing: inherit; padding: 0px; margin: 10px !important 0px 0px 0px;\">\r\n<h4 style=\"box-sizing: inherit; text-rendering: optimizelegibility; font-weight: 400; margin: 0.2rem 0px 0.5rem; padding: 0px; color: #222222; line-height: 1.4; font-size: 1.42857rem; text-align: right;\"><span style=\"box-sizing: inherit; font-weight: bold; line-height: inherit;\">ميزات فاخرة</span></h4>\r\n<p style=\"box-sizing: inherit; text-rendering: optimizelegibility; line-height: 1.6; margin: 0px 0px 0.714286rem; padding: 0px; font-size: inherit; text-transform: none; text-align: right;\">توفر الوسائد المريحة في كرسي الألعاب كوغار ارمر دعما إضافيا وراحة ممتازة لمنطقة أسفل الظهر والرأس، كما ويمكنك مقبض التحكم بالارتفاع والمصمم بجودة عالية من ضبط ارتفاع الكرسي بكل سهولة وسلاسة. مع هذا الكرسي فإنك لن تكون مقيدا بوضعية معينة عند الاستلقاء، فهو سيسمح لك بالعثور على أفضل وضعية ملائمة لجسمك، مما سيمكنك من الحصول على الراحة الفائقة. يمكن تغيير وضعية زاوية هذا الكرسي لـ 180 درجة، إذ يمكنك مواصلة الجلوس بشكل مستقيم أثناء اللعب والاستلقاء للاستراحة عندما تنتهي من اللعب. يمكن التحكم في مرونة هذا الكرسي بواسطة المقبض الموجود في الأسفل. علاوة على ذلك، يمكن ضبط مسند الذراع لهذا الكرسي بأربعة طرق مختلفة، إذ يمكنك تعديله للخلف وللأمام كي تتمكن من الحصول على الراحة المتلائمة مع طول الذراعين والمرفقين، كما ويمكنك تحريك المقبض إلى الأعلى أو الأسفل للوصول إلى الوضع الملائم لك كي تتمكن من الاستمتاع بالألعاب. إضافة إلى جميع ما ذكر فإنه يمكنك ضبط مسند الذراعين ياتجاه اليسار واليمين، مما يجعل من هذا الكرسي مثاليا لجميع أحجام الجسم ومختلف الوضعيات</p>\r\n</div>\r\n</div>\r\n</div>\r\n</div>\r\n</div>\r\n</article>\r\n</li>\r\n</ul>'),
(18, 17, 'ar', 'سانديسك اي اكس باند ميني ذاكرة فلاش يو اس بي 64 جيجابايت - SDIX40N-064G-GN6NN', '<ul class=\"grouped-list product-grouped-list\" style=\"box-sizing: inherit; line-height: 1.6; margin: 0px 0px 1rem; padding: 0px; list-style-position: outside; list-style-type: none; position: relative; border-radius: 3px; border-color: #e7e7e7; background: #ffffff; box-shadow: rgba(0, 0, 0, 0.08) 0px 2px 5px 0px; color: #0a0a0a; font-family: DroidNaskh, \'Helvetica Neue\', Helvetica, Helvetica, Arial, sans-serif; font-size: 14px;\">\r\n<li id=\"specs\" class=\"level-1\" style=\"box-sizing: inherit; margin: 0px; padding: 1rem 0.571429rem; font-size: inherit; display: block; text-transform: uppercase; border-bottom: 1px solid #e7e7e7; border-radius: 3px 3px 0px 0px; color: #333333;\">\r\n<h4 style=\"box-sizing: inherit; text-rendering: optimizelegibility; font-weight: 400; margin: 0.2rem 0px 0.5rem; padding: 0px; color: #222222; line-height: 1.4; font-size: 1.42857rem; text-align: right;\">المواصفات</h4>\r\n<div id=\"specs-full\" class=\"\" style=\"box-sizing: inherit; margin: 0px; padding: 0px; text-align: right;\">\r\n<dl class=\"stats\" style=\"box-sizing: inherit; line-height: 1.6; margin: 0px; padding: 0.357143rem 0px; list-style-position: outside; text-transform: none; direction: ltr;\">\r\n<dt style=\"box-sizing: inherit; margin: 0px 0px 0.714286rem; padding: 0px 0px 0px 10px; font-weight: bold; float: right; width: 314.812px; text-align: right;\">الرقم المصنعي</dt>\r\n<dd style=\"box-sizing: inherit; margin: 0px 0px 0.714286rem; padding: 0px; float: right; color: #818181; clear: left; unicode-bidi: plaintext; width: 610.547px; text-align: right;\">SDIX40N-064G-GN6NN</dd>\r\n</dl>\r\n<div class=\"clearfix\" style=\"box-sizing: inherit; margin: 0px; padding: 0px;\">&nbsp;</div>\r\n<dl class=\"stats\" style=\"box-sizing: inherit; line-height: 1.6; margin: 0px; padding: 0.357143rem 0px; list-style-position: outside; text-transform: none; direction: ltr;\">\r\n<dt style=\"box-sizing: inherit; margin: 0px 0px 0.714286rem; padding: 0px 0px 0px 10px; font-weight: bold; float: right; width: 314.812px; text-align: right;\">حزمة سمك</dt>\r\n<dd style=\"box-sizing: inherit; margin: 0px 0px 0.714286rem; padding: 0px; float: right; color: #818181; clear: left; unicode-bidi: plaintext; width: 610.547px; text-align: right;\">27.6 centimeters</dd>\r\n</dl>\r\n<div class=\"clearfix\" style=\"box-sizing: inherit; margin: 0px; padding: 0px;\">&nbsp;</div>\r\n<dl class=\"stats\" style=\"box-sizing: inherit; line-height: 1.6; margin: 0px; padding: 0.357143rem 0px; list-style-position: outside; text-transform: none; direction: ltr;\">\r\n<dt style=\"box-sizing: inherit; margin: 0px 0px 0.714286rem; padding: 0px 0px 0px 10px; font-weight: bold; float: right; width: 314.812px; text-align: right;\">وزن الحزمة</dt>\r\n<dd style=\"box-sizing: inherit; margin: 0px 0px 0.714286rem; padding: 0px; float: right; color: #818181; clear: left; unicode-bidi: plaintext; width: 610.547px; text-align: right;\">654 grams</dd>\r\n</dl>\r\n<div class=\"clearfix\" style=\"box-sizing: inherit; margin: 0px; padding: 0px;\">&nbsp;</div>\r\n<dl class=\"stats\" style=\"box-sizing: inherit; line-height: 1.6; margin: 0px; padding: 0.357143rem 0px; list-style-position: outside; text-transform: none; direction: ltr;\">\r\n<dt style=\"box-sizing: inherit; margin: 0px 0px 0.714286rem; padding: 0px 0px 0px 10px; font-weight: bold; float: right; width: 314.812px; text-align: right;\">UPC-A</dt>\r\n<dd style=\"box-sizing: inherit; margin: 0px 0px 0.714286rem; padding: 0px; float: right; color: #818181; clear: left; unicode-bidi: plaintext; width: 610.547px; text-align: right;\">619659153076</dd>\r\n</dl>\r\n<div class=\"clearfix\" style=\"box-sizing: inherit; margin: 0px; padding: 0px;\">&nbsp;</div>\r\n<dl class=\"stats\" style=\"box-sizing: inherit; line-height: 1.6; margin: 0px; padding: 0.357143rem 0px; list-style-position: outside; text-transform: none; direction: ltr;\">\r\n<dt style=\"box-sizing: inherit; margin: 0px 0px 0.714286rem; padding: 0px 0px 0px 10px; font-weight: bold; float: right; width: 314.812px; text-align: right;\">العلامة التجارية</dt>\r\n<dd style=\"box-sizing: inherit; margin: 0px 0px 0.714286rem; padding: 0px; float: right; color: #818181; clear: left; unicode-bidi: plaintext; width: 610.547px; text-align: right;\">SanDisk</dd>\r\n</dl>\r\n<div class=\"clearfix\" style=\"box-sizing: inherit; margin: 0px; padding: 0px;\">&nbsp;</div>\r\n<dl class=\"stats\" style=\"box-sizing: inherit; line-height: 1.6; margin: 0px; padding: 0.357143rem 0px; list-style-position: outside; text-transform: none; direction: ltr;\">\r\n<dt style=\"box-sizing: inherit; margin: 0px 0px 0.714286rem; padding: 0px 0px 0px 10px; font-weight: bold; float: right; width: 314.812px; text-align: right;\">اللون</dt>\r\n<dd style=\"box-sizing: inherit; margin: 0px 0px 0.714286rem; padding: 0px; float: right; color: #818181; clear: left; unicode-bidi: plaintext; width: 610.547px; text-align: right;\">Multi Color</dd>\r\n</dl>\r\n<div class=\"clearfix\" style=\"box-sizing: inherit; margin: 0px; padding: 0px;\">&nbsp;</div>\r\n<dl class=\"stats\" style=\"box-sizing: inherit; line-height: 1.6; margin: 0px; padding: 0.357143rem 0px; list-style-position: outside; text-transform: none; direction: ltr;\">\r\n<dt style=\"box-sizing: inherit; margin: 0px 0px 0.714286rem; padding: 0px 0px 0px 10px; font-weight: bold; float: right; width: 314.812px; text-align: right;\">سعة التخزين</dt>\r\n<dd style=\"box-sizing: inherit; margin: 0px 0px 0.714286rem; padding: 0px; float: right; color: #818181; clear: left; unicode-bidi: plaintext; width: 610.547px; text-align: right;\">64 GB</dd>\r\n</dl>\r\n<div class=\"clearfix\" style=\"box-sizing: inherit; margin: 0px; padding: 0px;\">&nbsp;</div>\r\n<dl class=\"stats\" style=\"box-sizing: inherit; line-height: 1.6; margin: 0px; padding: 0.357143rem 0px; list-style-position: outside; text-transform: none; direction: ltr;\">\r\n<dt style=\"box-sizing: inherit; margin: 0px 0px 0.714286rem; padding: 0px 0px 0px 10px; font-weight: bold; float: right; width: 314.812px; text-align: right;\">رقم الموديل</dt>\r\n<dd style=\"box-sizing: inherit; margin: 0px 0px 0.714286rem; padding: 0px; float: right; color: #818181; clear: left; unicode-bidi: plaintext; width: 610.547px; text-align: right;\">SDIX40N-064G-GN6NN</dd>\r\n</dl>\r\n<div class=\"clearfix\" style=\"box-sizing: inherit; margin: 0px; padding: 0px;\">&nbsp;</div>\r\n<dl class=\"stats\" style=\"box-sizing: inherit; line-height: 1.6; margin: 0px; padding: 0.357143rem 0px; list-style-position: outside; text-transform: none; direction: ltr;\">\r\n<dt style=\"box-sizing: inherit; margin: 0px 0px 0.714286rem; padding: 0px 0px 0px 10px; font-weight: bold; float: right; width: 314.812px; text-align: right;\">الرقم المميز للسلعة</dt>\r\n<dd style=\"box-sizing: inherit; margin: 0px 0px 0.714286rem; padding: 0px; float: right; color: #818181; clear: left; unicode-bidi: plaintext; width: 610.547px; text-align: right;\">2724341245347</dd>\r\n</dl>\r\n<div class=\"clearfix\" style=\"box-sizing: inherit; margin: 0px; padding: 0px;\">&nbsp;</div>\r\n<h5 class=\"stats-title\" style=\"box-sizing: inherit; text-rendering: optimizelegibility; font-weight: 400; margin: 0.2rem 0px 0.5rem; padding: 0.142857rem 0.357143rem 0.142857rem 0px; color: #222222; line-height: 1.4; font-size: 1.28571rem; text-align: right;\">دي جي</h5>\r\n<dl class=\"stats\" style=\"box-sizing: inherit; line-height: 1.6; margin: 0px; padding: 0.357143rem 0px; list-style-position: outside; text-transform: none; direction: ltr;\">\r\n<dt style=\"box-sizing: inherit; margin: 0px 0px 0.714286rem; padding: 0px 0px 0px 10px; font-weight: bold; float: right; width: 314.812px; text-align: right;\">هل يتطلب هذا المنتج بطارية او يحتوي بطارية</dt>\r\n<dd style=\"box-sizing: inherit; margin: 0px 0px 0.714286rem; padding: 0px; float: right; color: #818181; clear: left; unicode-bidi: plaintext; width: 610.547px; text-align: right;\"></dd>\r\n</dl>\r\n<div class=\"clearfix\" style=\"box-sizing: inherit; margin: 0px; padding: 0px;\">&nbsp;</div>\r\n</div>\r\n<a class=\"expand readmore specs collapsed\" style=\"box-sizing: inherit; line-height: inherit; background-color: transparent; color: #006fcc; text-decoration-line: none; cursor: pointer; -webkit-tap-highlight-color: transparent; text-transform: none; display: block; padding: 0px; outline: 0px !important;\" href=\"https://egypt.souq.com/eg-ar/%D8%B3%D8%A7%D9%86%D8%AF%D9%8A%D8%B3%D9%83-%D8%A7%D9%8A-%D8%A7%D9%83%D8%B3-%D8%A8%D8%A7%D9%86%D8%AF-%D9%85%D9%8A%D9%86%D9%8A-%D8%B0%D8%A7%D9%83%D8%B1%D8%A9-%D9%81%D9%84%D8%A7%D8%B4-%D9%8A%D9%88-%D8%A7%D8%B3-%D8%A8%D9%8A-64-%D8%AC%D9%8A%D8%AC%D8%A7%D8%A8%D8%A7%D9%8A%D8%AA-sdix40n-064g-gn6nn-11940036/i/#specs\" data-readmore=\"specs\">إقرأ أقل</a></li>\r\n<li id=\"description\" class=\"level-1 clearfix\" style=\"box-sizing: inherit; margin: 0px; padding: 1rem 0.571429rem; font-size: inherit; display: block; text-transform: uppercase; border-bottom: 0px solid #e7e7e7; border-radius: 3px 3px 0px 0px; color: #333333;\"><span id=\"Description\" style=\"box-sizing: inherit; margin-top: -7.14286rem; padding-bottom: 7.14286rem; display: block; height: 0.0714286rem; visibility: hidden;\"></span>\r\n<h4 style=\"box-sizing: inherit; text-rendering: optimizelegibility; font-weight: 400; margin: 0.2rem 0px 0.5rem; padding: 0px; color: #222222; line-height: 1.4; font-size: 1.42857rem; text-align: right;\">الوصف:</h4>\r\n<article style=\"box-sizing: inherit;\">\r\n<div id=\"description-full\" class=\"\" style=\"box-sizing: inherit; margin: 0px; padding: 0px;\">\r\n<p style=\"box-sizing: inherit; text-rendering: optimizelegibility; line-height: 1.6; margin: 0px 0px 0.714286rem; padding: 0px; font-size: inherit; text-transform: none; text-align: right;\">The flash drive iXpand Mini is designed to be the perfect companion for your iPhone, it provides an easy way to empty space on the iPhone, and back operations automatically reserve a movie camera, and even enable you to watch video clips of famous formats directly from the drive. Drive featuring Lightning connector fit most types of folders in addition to the USB 3.0 connector to connect it to your Mac or PC computer so you can transfer content easily. Flash drive iXpand also includes a Mini software enables you to protect your files with a password, so you can share your content with the protection of sensitive files on all your devices Enjoy capturing all the photos and videos as you like - Vmahrk drive mobile iXpand Mini offers you a simple and quick way to empty space on your iPhone, so you\'re always ready to record more memories. Empty space to your iPhone or iPad quickly and easily using a mobile drive the Mini IXpand. Connect the Lightning connector and will be able to transfer photos, videos and other files from your computer to the drive easily. And using the drive, you can transfer the files to a Mac or PC computer or stored on the drive. You can also storage directly on the engine when using the application to capture images and video clips. Connect the drive to a USB 3.0 port to your computer and enjoy transfer files quickly.</p>\r\n<span style=\"box-sizing: inherit; font-weight: bold; line-height: inherit;\">PRODUCT FEATURES:</span>\r\n<ul style=\"box-sizing: inherit; line-height: 1.6; margin: 0px 1.25rem 0px 0px; padding: 0px; list-style-position: inside; list-style-type: disc;\">\r\n<li style=\"box-sizing: inherit; margin: 0px; padding: 0px; font-size: inherit; text-transform: none; list-style: inherit !important; text-align: right;\">Brand: Sandisk</li>\r\n<li style=\"box-sizing: inherit; margin: 0px; padding: 0px; font-size: inherit; text-transform: none; list-style: inherit !important; text-align: right;\">Model Number: SDIX40N-064G-GN6NN</li>\r\n<li style=\"box-sizing: inherit; margin: 0px; padding: 0px; font-size: inherit; text-transform: none; list-style: inherit !important; text-align: right;\">Storage Capacity: 64 GB</li>\r\n<li style=\"box-sizing: inherit; margin: 0px; padding: 0px; font-size: inherit; text-transform: none; list-style: inherit !important; text-align: right;\">Color: Multi Color</li>\r\n<li style=\"box-sizing: inherit; margin: 0px; padding: 0px; font-size: inherit; text-transform: none; list-style: inherit !important; text-align: right;\">UPC-A: 619659153076</li>\r\n<li style=\"box-sizing: inherit; margin: 0px; padding: 0px; font-size: inherit; text-transform: none; list-style: inherit !important; text-align: right;\">Type: Mini</li>\r\n<li style=\"box-sizing: inherit; margin: 0px; padding: 0px; font-size: inherit; text-transform: none; list-style: inherit !important; text-align: right;\">Write/Read Speed: 90MB/s.</li>\r\n<li style=\"box-sizing: inherit; margin: 0px; padding: 0px; font-size: inherit; text-transform: none; list-style: inherit !important; text-align: right;\">Mobile device compatibility: iPhone 5, iPhone 5c, iPhone 5s, iPhone 6, iPhone 6 Plus, iPhone 6s, iPhone 6s Plus, iPhone SE, iPad Air, iPad mini, iPad mini 4, iPad Pro 12.9\", iPad Pro 9.7\" iPad with Retina display, iPod 5th Generation and newer, with Lightning connector and iOS 8.2+ See device compatibility.</li>\r\n<li style=\"box-sizing: inherit; margin: 0px; padding: 0px; font-size: inherit; text-transform: none; list-style: inherit !important; text-align: right;\">PC/Mac computer compatibility: Windows Vista, Windows 7, Windows 8, Windows 10, Chrome OS, Mac OS X v10.8 and higher</li>\r\n<li style=\"box-sizing: inherit; margin: 0px; padding: 0px; font-size: inherit; text-transform: none; list-style: inherit !important; text-align: right;\">Supported video formats: .wmv, .avi, .mkv, .mp4, .rmvb, and .mov. DRM-protected content cannot be played. Check with the content provider for playback restrictions.</li>\r\n<li style=\"box-sizing: inherit; margin: 0px; padding: 0px; font-size: inherit; text-transform: none; list-style: inherit !important; text-align: right;\">Dimensions: 12.1 x 4.6 x 53.0 mm</li>\r\n<li style=\"box-sizing: inherit; margin: 0px; padding: 0px; font-size: inherit; text-transform: none; list-style: inherit !important; text-align: right;\">Weight: 4.5g</li>\r\n<li style=\"box-sizing: inherit; margin: 0px; padding: 0px; font-size: inherit; text-transform: none; list-style: inherit !important; text-align: right;\">Operational temperature: 0-35&deg; C functional</li>\r\n<li style=\"box-sizing: inherit; margin: 0px; padding: 0px; font-size: inherit; text-transform: none; list-style: inherit !important; text-align: right;\">Details: Shoot photo/video with direct save to iXpand Mini. Capture photo &amp; video directly to the iXpand. Support 4K video playback and transfer as well as live photo. Multi-language app support</li>\r\n</ul>\r\n</div>\r\n</article>\r\n</li>\r\n</ul>');
INSERT INTO `product_translations` (`id`, `product_id`, `locale`, `product_name`, `product_details`) VALUES
(19, 18, 'ar', 'حذاء كرة القدم هايبرفينوم فيد اي اي اي اف جي في سي تي واي للاولاد من نايكي - متعدد الالوان', '<ul class=\"grouped-list product-grouped-list\" style=\"box-sizing: inherit; line-height: 1.6; margin: 0px 0px 1rem; padding: 0px; list-style-position: outside; list-style-type: none; position: relative; border-radius: 3px; border-color: #e7e7e7; background: #ffffff; box-shadow: rgba(0, 0, 0, 0.08) 0px 2px 5px 0px; color: #0a0a0a; font-family: DroidNaskh, \'Helvetica Neue\', Helvetica, Helvetica, Arial, sans-serif; font-size: 14px;\">\r\n<li id=\"specs\" class=\"level-1\" style=\"box-sizing: inherit; margin: 0px; padding: 1rem 0.571429rem; font-size: inherit; display: block; text-transform: uppercase; border-bottom: 1px solid #e7e7e7; border-radius: 3px 3px 0px 0px; color: #333333;\">\r\n<h4 style=\"box-sizing: inherit; text-rendering: optimizelegibility; font-weight: 400; margin: 0.2rem 0px 0.5rem; padding: 0px; color: #222222; line-height: 1.4; font-size: 1.42857rem; text-align: right;\">المواصفات</h4>\r\n<div id=\"specs-full\" class=\"\" style=\"box-sizing: inherit; margin: 0px; padding: 0px; text-align: right;\">\r\n<dl class=\"stats\" style=\"box-sizing: inherit; line-height: 1.6; margin: 0px; padding: 0.357143rem 0px; list-style-position: outside; text-transform: none; direction: ltr;\">\r\n<dt style=\"box-sizing: inherit; margin: 0px 0px 0.714286rem; padding: 0px 0px 0px 10px; font-weight: bold; float: right; width: 314.812px; text-align: right;\">الرقم المصنعي</dt>\r\n<dd style=\"box-sizing: inherit; margin: 0px 0px 0.714286rem; padding: 0px; float: right; color: #818181; clear: left; unicode-bidi: plaintext; width: 610.547px; text-align: right;\">852580801</dd>\r\n</dl>\r\n<div class=\"clearfix\" style=\"box-sizing: inherit; margin: 0px; padding: 0px;\">&nbsp;</div>\r\n<dl class=\"stats\" style=\"box-sizing: inherit; line-height: 1.6; margin: 0px; padding: 0.357143rem 0px; list-style-position: outside; text-transform: none; direction: ltr;\">\r\n<dt style=\"box-sizing: inherit; margin: 0px 0px 0.714286rem; padding: 0px 0px 0px 10px; font-weight: bold; float: right; width: 314.812px; text-align: right;\">حزمة سمك</dt>\r\n<dd style=\"box-sizing: inherit; margin: 0px 0px 0.714286rem; padding: 0px; float: right; color: #818181; clear: left; unicode-bidi: plaintext; width: 610.547px; text-align: right;\">28.8 centimeters</dd>\r\n</dl>\r\n<div class=\"clearfix\" style=\"box-sizing: inherit; margin: 0px; padding: 0px;\">&nbsp;</div>\r\n<dl class=\"stats\" style=\"box-sizing: inherit; line-height: 1.6; margin: 0px; padding: 0.357143rem 0px; list-style-position: outside; text-transform: none; direction: ltr;\">\r\n<dt style=\"box-sizing: inherit; margin: 0px 0px 0.714286rem; padding: 0px 0px 0px 10px; font-weight: bold; float: right; width: 314.812px; text-align: right;\">وزن الحزمة</dt>\r\n<dd style=\"box-sizing: inherit; margin: 0px 0px 0.714286rem; padding: 0px; float: right; color: #818181; clear: left; unicode-bidi: plaintext; width: 610.547px; text-align: right;\">460 grams</dd>\r\n</dl>\r\n<div class=\"clearfix\" style=\"box-sizing: inherit; margin: 0px; padding: 0px;\">&nbsp;</div>\r\n<dl class=\"stats\" style=\"box-sizing: inherit; line-height: 1.6; margin: 0px; padding: 0.357143rem 0px; list-style-position: outside; text-transform: none; direction: ltr;\">\r\n<dt style=\"box-sizing: inherit; margin: 0px 0px 0.714286rem; padding: 0px 0px 0px 10px; font-weight: bold; float: right; width: 314.812px; text-align: right;\">UPC-A</dt>\r\n<dd style=\"box-sizing: inherit; margin: 0px 0px 0.714286rem; padding: 0px; float: right; color: #818181; clear: left; unicode-bidi: plaintext; width: 610.547px; text-align: right;\">886551976960</dd>\r\n</dl>\r\n<div class=\"clearfix\" style=\"box-sizing: inherit; margin: 0px; padding: 0px;\">&nbsp;</div>\r\n<dl class=\"stats\" style=\"box-sizing: inherit; line-height: 1.6; margin: 0px; padding: 0.357143rem 0px; list-style-position: outside; text-transform: none; direction: ltr;\">\r\n<dt style=\"box-sizing: inherit; margin: 0px 0px 0.714286rem; padding: 0px 0px 0px 10px; font-weight: bold; float: right; width: 314.812px; text-align: right;\">العلامة التجارية</dt>\r\n<dd style=\"box-sizing: inherit; margin: 0px 0px 0.714286rem; padding: 0px; float: right; color: #818181; clear: left; unicode-bidi: plaintext; width: 610.547px; text-align: right;\">نايكي</dd>\r\n</dl>\r\n<div class=\"clearfix\" style=\"box-sizing: inherit; margin: 0px; padding: 0px;\">&nbsp;</div>\r\n<dl class=\"stats\" style=\"box-sizing: inherit; line-height: 1.6; margin: 0px; padding: 0.357143rem 0px; list-style-position: outside; text-transform: none; direction: ltr;\">\r\n<dt style=\"box-sizing: inherit; margin: 0px 0px 0.714286rem; padding: 0px 0px 0px 10px; font-weight: bold; float: right; width: 314.812px; text-align: right;\">اللون</dt>\r\n<dd style=\"box-sizing: inherit; margin: 0px 0px 0.714286rem; padding: 0px; float: right; color: #818181; clear: left; unicode-bidi: plaintext; width: 610.547px; text-align: right;\">متعدد الالوان</dd>\r\n</dl>\r\n<div class=\"clearfix\" style=\"box-sizing: inherit; margin: 0px; padding: 0px;\">&nbsp;</div>\r\n<dl class=\"stats\" style=\"box-sizing: inherit; line-height: 1.6; margin: 0px; padding: 0.357143rem 0px; list-style-position: outside; text-transform: none; direction: ltr;\">\r\n<dt style=\"box-sizing: inherit; margin: 0px 0px 0.714286rem; padding: 0px 0px 0px 10px; font-weight: bold; float: right; width: 314.812px; text-align: right;\">احذية لرياضة</dt>\r\n<dd style=\"box-sizing: inherit; margin: 0px 0px 0.714286rem; padding: 0px; float: right; color: #818181; clear: left; unicode-bidi: plaintext; width: 610.547px; text-align: right;\">كرة القدم</dd>\r\n</dl>\r\n<div class=\"clearfix\" style=\"box-sizing: inherit; margin: 0px; padding: 0px;\">&nbsp;</div>\r\n<dl class=\"stats\" style=\"box-sizing: inherit; line-height: 1.6; margin: 0px; padding: 0.357143rem 0px; list-style-position: outside; text-transform: none; direction: ltr;\">\r\n<dt style=\"box-sizing: inherit; margin: 0px 0px 0.714286rem; padding: 0px 0px 0px 10px; font-weight: bold; float: right; width: 314.812px; text-align: right;\">الحجم</dt>\r\n<dd style=\"box-sizing: inherit; margin: 0px 0px 0.714286rem; padding: 0px; float: right; color: #818181; clear: left; unicode-bidi: plaintext; width: 610.547px; text-align: right;\">38 EU</dd>\r\n</dl>\r\n<div class=\"clearfix\" style=\"box-sizing: inherit; margin: 0px; padding: 0px;\">&nbsp;</div>\r\n<dl class=\"stats\" style=\"box-sizing: inherit; line-height: 1.6; margin: 0px; padding: 0.357143rem 0px; list-style-position: outside; text-transform: none; direction: ltr;\">\r\n<dt style=\"box-sizing: inherit; margin: 0px 0px 0.714286rem; padding: 0px 0px 0px 10px; font-weight: bold; float: right; width: 314.812px; text-align: right;\">المجموعة المستهدفة</dt>\r\n<dd style=\"box-sizing: inherit; margin: 0px 0px 0.714286rem; padding: 0px; float: right; color: #818181; clear: left; unicode-bidi: plaintext; width: 610.547px; text-align: right;\">اولاد</dd>\r\n</dl>\r\n<div class=\"clearfix\" style=\"box-sizing: inherit; margin: 0px; padding: 0px;\">&nbsp;</div>\r\n<dl class=\"stats\" style=\"box-sizing: inherit; line-height: 1.6; margin: 0px; padding: 0.357143rem 0px; list-style-position: outside; text-transform: none; direction: ltr;\">\r\n<dt style=\"box-sizing: inherit; margin: 0px 0px 0.714286rem; padding: 0px 0px 0px 10px; font-weight: bold; float: right; width: 314.812px; text-align: right;\">الرقم المميز للسلعة</dt>\r\n<dd style=\"box-sizing: inherit; margin: 0px 0px 0.714286rem; padding: 0px; float: right; color: #818181; clear: left; unicode-bidi: plaintext; width: 610.547px; text-align: right;\">2724682681224</dd>\r\n</dl>\r\n<div class=\"clearfix\" style=\"box-sizing: inherit; margin: 0px; padding: 0px;\">&nbsp;</div>\r\n<h5 class=\"stats-title\" style=\"box-sizing: inherit; text-rendering: optimizelegibility; font-weight: 400; margin: 0.2rem 0px 0.5rem; padding: 0.142857rem 0.357143rem 0.142857rem 0px; color: #222222; line-height: 1.4; font-size: 1.28571rem; text-align: right;\">دي جي</h5>\r\n<dl class=\"stats\" style=\"box-sizing: inherit; line-height: 1.6; margin: 0px; padding: 0.357143rem 0px; list-style-position: outside; text-transform: none; direction: ltr;\">\r\n<dt style=\"box-sizing: inherit; margin: 0px 0px 0.714286rem; padding: 0px 0px 0px 10px; font-weight: bold; float: right; width: 314.812px; text-align: right;\">هل يتطلب هذا المنتج بطارية او يحتوي بطارية</dt>\r\n<dd style=\"box-sizing: inherit; margin: 0px 0px 0.714286rem; padding: 0px; float: right; color: #818181; clear: left; unicode-bidi: plaintext; width: 610.547px; text-align: right;\"></dd>\r\n</dl>\r\n<div class=\"clearfix\" style=\"box-sizing: inherit; margin: 0px; padding: 0px;\">&nbsp;</div>\r\n</div>\r\n<a class=\"expand readmore specs collapsed\" style=\"box-sizing: inherit; line-height: inherit; background-color: transparent; color: #006fcc; text-decoration-line: none; cursor: pointer; -webkit-tap-highlight-color: transparent; text-transform: none; display: block; padding: 0px; outline: 0px !important;\" href=\"https://egypt.souq.com/eg-ar/%D8%AD%D8%B0%D8%A7%D8%A1-%D9%83%D8%B1%D8%A9-%D8%A7%D9%84%D9%82%D8%AF%D9%85-%D9%87%D8%A7%D9%8A%D8%A8%D8%B1%D9%81%D9%8A%D9%86%D9%88%D9%85-%D9%81%D9%8A%D8%AF-%D8%A7%D9%8A-%D8%A7%D9%8A-%D8%A7%D9%8A-%D8%A7%D9%81-%D8%AC%D9%8A-%D9%81%D9%8A-%D8%B3%D9%8A-%D8%AA%D9%8A-%D9%88%D8%A7%D9%8A-%D9%84%D9%84%D8%A7%D9%88%D9%84%D8%A7%D8%AF-%D9%85%D9%86-%D9%86%D8%A7%D9%8A%D9%83%D9%8A-%D9%85%D8%AA%D8%B9%D8%AF%D8%AF-%D8%A7%D9%84%D8%A7%D9%84%D9%88%D8%A7%D9%86-40168897/i/#specs\" data-readmore=\"specs\">إقرأ أقل</a></li>\r\n<li id=\"description\" class=\"level-1 clearfix\" style=\"box-sizing: inherit; margin: 0px; padding: 1rem 0.571429rem; font-size: inherit; display: block; text-transform: uppercase; border-bottom: 0px solid #e7e7e7; border-radius: 3px 3px 0px 0px; color: #333333;\"><span id=\"Description\" style=\"box-sizing: inherit; margin-top: -7.14286rem; padding-bottom: 7.14286rem; display: block; height: 0.0714286rem; visibility: hidden;\"></span>\r\n<h4 style=\"box-sizing: inherit; text-rendering: optimizelegibility; font-weight: 400; margin: 0.2rem 0px 0.5rem; padding: 0px; color: #222222; line-height: 1.4; font-size: 1.42857rem; text-align: right;\">الوصف:</h4>\r\n<article style=\"box-sizing: inherit;\">\r\n<div id=\"description-full\" class=\"\" style=\"box-sizing: inherit; margin: 0px; padding: 0px;\">\r\n<ul style=\"box-sizing: inherit; line-height: 1.6; margin: 0px 1.25rem 0px 0px; padding: 0px; list-style-position: inside; list-style-type: disc;\">\r\n<li style=\"box-sizing: inherit; margin: 0px; padding: 0px; font-size: inherit; text-transform: none; list-style: inherit !important; text-align: right;\">العلامة التجارية: نايكي</li>\r\n<li style=\"box-sizing: inherit; margin: 0px; padding: 0px; font-size: inherit; text-transform: none; list-style: inherit !important; text-align: right;\">اسم الموديل: هايبرفينوم فيد اي اي اي اف جي في سي تي واي</li>\r\n<li style=\"box-sizing: inherit; margin: 0px; padding: 0px; font-size: inherit; text-transform: none; list-style: inherit !important; text-align: right;\">الخامة: مطاطية وشبكية</li>\r\n<li style=\"box-sizing: inherit; margin: 0px; padding: 0px; font-size: inherit; text-transform: none; list-style: inherit !important; text-align: right;\">اللون: متعدد الالوان</li>\r\n<li style=\"box-sizing: inherit; margin: 0px; padding: 0px; font-size: inherit; text-transform: none; list-style: inherit !important; text-align: right;\">المقاس: 38 EU</li>\r\n</ul>\r\n</div>\r\n</article>\r\n</li>\r\n</ul>'),
(20, 19, 'ar', 'حذاء رياضي قماش لونين برباط للرجال من ساليرنو - رمادي، 44', '<h4 style=\"box-sizing: inherit; text-rendering: optimizelegibility; font-family: DroidNaskh, \'Helvetica Neue\', Helvetica, Helvetica, Arial, sans-serif; font-weight: 400; margin: 0.2rem 0px 0.5rem; padding: 0px; color: #222222; line-height: 1.4; font-size: 1.42857rem; text-align: right;\">المواصفات</h4>\r\n<div id=\"specs-full\" class=\"\" style=\"box-sizing: inherit; margin: 0px; padding: 0px;\">\r\n<dl class=\"stats\" style=\"box-sizing: inherit; line-height: 1.6; margin: 0px; padding: 0.357143rem 0px; list-style-position: outside; direction: ltr;\">\r\n<dt style=\"box-sizing: inherit; margin: 0px 0px 0.714286rem; padding: 0px 0px 0px 10px; font-weight: bold; float: right; width: 314.812px; text-align: right; color: #333333; font-family: DroidNaskh, \'Helvetica Neue\', Helvetica, Helvetica, Arial, sans-serif; font-size: 14px; background-color: #ffffff;\">حزمة سمك</dt>\r\n<dd style=\"box-sizing: inherit; margin: 0px 0px 0.714286rem; padding: 0px; float: right; color: #818181; clear: left; unicode-bidi: plaintext; width: 610.547px; text-align: right; font-family: DroidNaskh, \'Helvetica Neue\', Helvetica, Helvetica, Arial, sans-serif; font-size: 14px; background-color: #ffffff;\">33 centimeters</dd>\r\n</dl>\r\n<div class=\"clearfix\" style=\"box-sizing: inherit; margin: 0px; padding: 0px; color: #333333; font-family: DroidNaskh, \'Helvetica Neue\', Helvetica, Helvetica, Arial, sans-serif; font-size: 14px; text-align: right; background-color: #ffffff;\">&nbsp;</div>\r\n<dl class=\"stats\" style=\"box-sizing: inherit; line-height: 1.6; margin: 0px; padding: 0.357143rem 0px; list-style-position: outside; direction: ltr;\">\r\n<dt style=\"box-sizing: inherit; margin: 0px 0px 0.714286rem; padding: 0px 0px 0px 10px; font-weight: bold; float: right; width: 314.812px; text-align: right; color: #333333; font-family: DroidNaskh, \'Helvetica Neue\', Helvetica, Helvetica, Arial, sans-serif; font-size: 14px; background-color: #ffffff;\">وزن الحزمة</dt>\r\n<dd style=\"box-sizing: inherit; margin: 0px 0px 0.714286rem; padding: 0px; float: right; color: #818181; clear: left; unicode-bidi: plaintext; width: 610.547px; text-align: right; font-family: DroidNaskh, \'Helvetica Neue\', Helvetica, Helvetica, Arial, sans-serif; font-size: 14px; background-color: #ffffff;\">662 grams</dd>\r\n</dl>\r\n<div class=\"clearfix\" style=\"box-sizing: inherit; margin: 0px; padding: 0px; color: #333333; font-family: DroidNaskh, \'Helvetica Neue\', Helvetica, Helvetica, Arial, sans-serif; font-size: 14px; text-align: right; background-color: #ffffff;\">&nbsp;</div>\r\n<dl class=\"stats\" style=\"box-sizing: inherit; line-height: 1.6; margin: 0px; padding: 0.357143rem 0px; list-style-position: outside; direction: ltr;\">\r\n<dt style=\"box-sizing: inherit; margin: 0px 0px 0.714286rem; padding: 0px 0px 0px 10px; font-weight: bold; float: right; width: 314.812px; text-align: right; color: #333333; font-family: DroidNaskh, \'Helvetica Neue\', Helvetica, Helvetica, Arial, sans-serif; font-size: 14px; background-color: #ffffff;\">EAN-13</dt>\r\n<dd style=\"box-sizing: inherit; margin: 0px 0px 0.714286rem; padding: 0px; float: right; color: #818181; clear: left; unicode-bidi: plaintext; width: 610.547px; text-align: right; font-family: DroidNaskh, \'Helvetica Neue\', Helvetica, Helvetica, Arial, sans-serif; font-size: 14px; background-color: #ffffff;\">6223007130998</dd>\r\n</dl>\r\n<div class=\"clearfix\" style=\"box-sizing: inherit; margin: 0px; padding: 0px; color: #333333; font-family: DroidNaskh, \'Helvetica Neue\', Helvetica, Helvetica, Arial, sans-serif; font-size: 14px; text-align: right; background-color: #ffffff;\">&nbsp;</div>\r\n<dl class=\"stats\" style=\"box-sizing: inherit; line-height: 1.6; margin: 0px; padding: 0.357143rem 0px; list-style-position: outside; direction: ltr;\">\r\n<dt style=\"box-sizing: inherit; margin: 0px 0px 0.714286rem; padding: 0px 0px 0px 10px; font-weight: bold; float: right; width: 314.812px; text-align: right; color: #333333; font-family: DroidNaskh, \'Helvetica Neue\', Helvetica, Helvetica, Arial, sans-serif; font-size: 14px; background-color: #ffffff;\">العلامة التجارية</dt>\r\n<dd style=\"box-sizing: inherit; margin: 0px 0px 0.714286rem; padding: 0px; float: right; color: #818181; clear: left; unicode-bidi: plaintext; width: 610.547px; text-align: right; font-family: DroidNaskh, \'Helvetica Neue\', Helvetica, Helvetica, Arial, sans-serif; font-size: 14px; background-color: #ffffff;\">ساليرنو</dd>\r\n</dl>\r\n<div class=\"clearfix\" style=\"box-sizing: inherit; margin: 0px; padding: 0px; color: #333333; font-family: DroidNaskh, \'Helvetica Neue\', Helvetica, Helvetica, Arial, sans-serif; font-size: 14px; text-align: right; background-color: #ffffff;\">&nbsp;</div>\r\n<dl class=\"stats\" style=\"box-sizing: inherit; line-height: 1.6; margin: 0px; padding: 0.357143rem 0px; list-style-position: outside; direction: ltr;\">\r\n<dt style=\"box-sizing: inherit; margin: 0px 0px 0.714286rem; padding: 0px 0px 0px 10px; font-weight: bold; float: right; width: 314.812px; text-align: right; color: #333333; font-family: DroidNaskh, \'Helvetica Neue\', Helvetica, Helvetica, Arial, sans-serif; font-size: 14px; background-color: #ffffff;\">المادة</dt>\r\n<dd style=\"box-sizing: inherit; margin: 0px 0px 0.714286rem; padding: 0px; float: right; color: #818181; clear: left; unicode-bidi: plaintext; width: 610.547px; text-align: right; font-family: DroidNaskh, \'Helvetica Neue\', Helvetica, Helvetica, Arial, sans-serif; font-size: 14px; background-color: #ffffff;\">نسيج</dd>\r\n</dl>\r\n<div class=\"clearfix\" style=\"box-sizing: inherit; margin: 0px; padding: 0px; color: #333333; font-family: DroidNaskh, \'Helvetica Neue\', Helvetica, Helvetica, Arial, sans-serif; font-size: 14px; text-align: right; background-color: #ffffff;\">&nbsp;</div>\r\n<dl class=\"stats\" style=\"box-sizing: inherit; line-height: 1.6; margin: 0px; padding: 0.357143rem 0px; list-style-position: outside; direction: ltr;\">\r\n<dt style=\"box-sizing: inherit; margin: 0px 0px 0.714286rem; padding: 0px 0px 0px 10px; font-weight: bold; float: right; width: 314.812px; text-align: right; color: #333333; font-family: DroidNaskh, \'Helvetica Neue\', Helvetica, Helvetica, Arial, sans-serif; font-size: 14px; background-color: #ffffff;\">الحجم</dt>\r\n<dd style=\"box-sizing: inherit; margin: 0px 0px 0.714286rem; padding: 0px; float: right; color: #818181; clear: left; unicode-bidi: plaintext; width: 610.547px; text-align: right; font-family: DroidNaskh, \'Helvetica Neue\', Helvetica, Helvetica, Arial, sans-serif; font-size: 14px; background-color: #ffffff;\">44 EU</dd>\r\n</dl>\r\n<div class=\"clearfix\" style=\"box-sizing: inherit; margin: 0px; padding: 0px; color: #333333; font-family: DroidNaskh, \'Helvetica Neue\', Helvetica, Helvetica, Arial, sans-serif; font-size: 14px; text-align: right; background-color: #ffffff;\">&nbsp;</div>\r\n<dl class=\"stats\" style=\"box-sizing: inherit; line-height: 1.6; margin: 0px; padding: 0.357143rem 0px; list-style-position: outside; direction: ltr;\">\r\n<dt style=\"box-sizing: inherit; margin: 0px 0px 0.714286rem; padding: 0px 0px 0px 10px; font-weight: bold; float: right; width: 314.812px; text-align: right; color: #333333; font-family: DroidNaskh, \'Helvetica Neue\', Helvetica, Helvetica, Arial, sans-serif; font-size: 14px; background-color: #ffffff;\">المجموعة المستهدفة</dt>\r\n<dd style=\"box-sizing: inherit; margin: 0px 0px 0.714286rem; padding: 0px; float: right; color: #818181; clear: left; unicode-bidi: plaintext; width: 610.547px; text-align: right; font-family: DroidNaskh, \'Helvetica Neue\', Helvetica, Helvetica, Arial, sans-serif; font-size: 14px; background-color: #ffffff;\">رجال</dd>\r\n</dl>\r\n<div class=\"clearfix\" style=\"box-sizing: inherit; margin: 0px; padding: 0px; color: #333333; font-family: DroidNaskh, \'Helvetica Neue\', Helvetica, Helvetica, Arial, sans-serif; font-size: 14px; text-align: right; background-color: #ffffff;\">&nbsp;</div>\r\n<dl class=\"stats\" style=\"box-sizing: inherit; line-height: 1.6; margin: 0px; padding: 0.357143rem 0px; list-style-position: outside; direction: ltr;\">\r\n<dt style=\"box-sizing: inherit; margin: 0px 0px 0.714286rem; padding: 0px 0px 0px 10px; font-weight: bold; float: right; width: 314.812px; text-align: right; color: #333333; font-family: DroidNaskh, \'Helvetica Neue\', Helvetica, Helvetica, Arial, sans-serif; font-size: 14px; background-color: #ffffff;\">النمط</dt>\r\n<dd style=\"box-sizing: inherit; margin: 0px 0px 0.714286rem; padding: 0px; float: right; color: #818181; clear: left; unicode-bidi: plaintext; width: 610.547px; text-align: right; font-family: DroidNaskh, \'Helvetica Neue\', Helvetica, Helvetica, Arial, sans-serif; font-size: 14px; background-color: #ffffff;\">فاشن سنيكرز</dd>\r\n</dl>\r\n<div class=\"clearfix\" style=\"box-sizing: inherit; margin: 0px; padding: 0px; color: #333333; font-family: DroidNaskh, \'Helvetica Neue\', Helvetica, Helvetica, Arial, sans-serif; font-size: 14px; text-align: right; background-color: #ffffff;\">&nbsp;</div>\r\n<dl class=\"stats\" style=\"box-sizing: inherit; line-height: 1.6; margin: 0px; padding: 0.357143rem 0px; list-style-position: outside; direction: ltr;\">\r\n<dt style=\"box-sizing: inherit; margin: 0px 0px 0.714286rem; padding: 0px 0px 0px 10px; font-weight: bold; float: right; width: 314.812px; text-align: right; color: #333333; font-family: DroidNaskh, \'Helvetica Neue\', Helvetica, Helvetica, Arial, sans-serif; font-size: 14px; background-color: #ffffff;\">مناسبة</dt>\r\n<dd style=\"box-sizing: inherit; margin: 0px 0px 0.714286rem; padding: 0px; float: right; color: #818181; clear: left; unicode-bidi: plaintext; width: 610.547px; text-align: right; font-family: DroidNaskh, \'Helvetica Neue\', Helvetica, Helvetica, Arial, sans-serif; font-size: 14px; background-color: #ffffff;\">حذاء كاجوال</dd>\r\n</dl>\r\n<div class=\"clearfix\" style=\"box-sizing: inherit; margin: 0px; padding: 0px; color: #333333; font-family: DroidNaskh, \'Helvetica Neue\', Helvetica, Helvetica, Arial, sans-serif; font-size: 14px; text-align: right; background-color: #ffffff;\">&nbsp;</div>\r\n<dl class=\"stats\" style=\"box-sizing: inherit; line-height: 1.6; margin: 0px; padding: 0.357143rem 0px; list-style-position: outside; direction: ltr;\">\r\n<dt style=\"box-sizing: inherit; margin: 0px 0px 0.714286rem; padding: 0px 0px 0px 10px; font-weight: bold; float: right; width: 314.812px; text-align: right; color: #333333; font-family: DroidNaskh, \'Helvetica Neue\', Helvetica, Helvetica, Arial, sans-serif; font-size: 14px; background-color: #ffffff;\">الرقم المميز للسلعة</dt>\r\n<dd style=\"box-sizing: inherit; margin: 0px 0px 0.714286rem; padding: 0px; float: right; color: #818181; clear: left; unicode-bidi: plaintext; width: 610.547px; text-align: right; font-family: DroidNaskh, \'Helvetica Neue\', Helvetica, Helvetica, Arial, sans-serif; font-size: 14px; background-color: #ffffff;\">2725188017173</dd>\r\n</dl>\r\n<div class=\"clearfix\" style=\"box-sizing: inherit; margin: 0px; padding: 0px; color: #333333; font-family: DroidNaskh, \'Helvetica Neue\', Helvetica, Helvetica, Arial, sans-serif; font-size: 14px; text-align: right; background-color: #ffffff;\">&nbsp;</div>\r\n<h5 class=\"stats-title\" style=\"box-sizing: inherit; text-rendering: optimizelegibility; font-family: DroidNaskh, \'Helvetica Neue\', Helvetica, Helvetica, Arial, sans-serif; font-weight: 400; margin: 0.2rem 0px 0.5rem; padding: 0.142857rem 0.357143rem 0.142857rem 0px; color: #222222; line-height: 1.4; font-size: 1.28571rem; text-align: right; background-color: #ffffff;\">اللون</h5>\r\n<dl class=\"stats\" style=\"box-sizing: inherit; line-height: 1.6; margin: 0px; padding: 0.357143rem 0px; list-style-position: outside; direction: ltr;\">\r\n<dt style=\"box-sizing: inherit; margin: 0px 0px 0.714286rem; padding: 0px 0px 0px 10px; font-weight: bold; float: right; width: 314.812px; text-align: right; color: #333333; font-family: DroidNaskh, \'Helvetica Neue\', Helvetica, Helvetica, Arial, sans-serif; font-size: 14px; background-color: #ffffff;\">اللون</dt>\r\n<dd style=\"box-sizing: inherit; margin: 0px 0px 0.714286rem; padding: 0px; float: right; color: #818181; clear: left; unicode-bidi: plaintext; width: 610.547px; text-align: right; font-family: DroidNaskh, \'Helvetica Neue\', Helvetica, Helvetica, Arial, sans-serif; font-size: 14px; background-color: #ffffff;\">رمادي</dd>\r\n</dl>\r\n<div class=\"clearfix\" style=\"box-sizing: inherit; margin: 0px; padding: 0px; color: #333333; font-family: DroidNaskh, \'Helvetica Neue\', Helvetica, Helvetica, Arial, sans-serif; font-size: 14px; text-align: right; background-color: #ffffff;\">&nbsp;</div>\r\n<h5 class=\"stats-title\" style=\"box-sizing: inherit; text-rendering: optimizelegibility; font-family: DroidNaskh, \'Helvetica Neue\', Helvetica, Helvetica, Arial, sans-serif; font-weight: 400; margin: 0.2rem 0px 0.5rem; padding: 0.142857rem 0.357143rem 0.142857rem 0px; color: #222222; line-height: 1.4; font-size: 1.28571rem; text-align: right; background-color: #ffffff;\">دي جي</h5>\r\n<dl class=\"stats\" style=\"box-sizing: inherit; line-height: 1.6; margin: 0px; padding: 0.357143rem 0px; list-style-position: outside; direction: ltr;\">\r\n<dt style=\"box-sizing: inherit; margin: 0px 0px 0.714286rem; padding: 0px 0px 0px 10px; font-weight: bold; float: right; width: 314.812px; text-align: right; color: #333333; font-family: DroidNaskh, \'Helvetica Neue\', Helvetica, Helvetica, Arial, sans-serif; font-size: 14px; background-color: #ffffff;\">هل يتطلب هذا المنتج بطارية او يحتوي بطارية</dt>\r\n</dl>\r\n<p style=\"text-align: right;\">&nbsp;</p>\r\n</div>'),
(21, 20, 'ar', 'er', NULL);

-- --------------------------------------------------------

--
-- Table structure for table `sessions`
--

DROP TABLE IF EXISTS `sessions`;
CREATE TABLE IF NOT EXISTS `sessions` (
  `id` varchar(191) COLLATE utf8mb4_unicode_ci NOT NULL,
  `user_id` bigint(20) UNSIGNED DEFAULT NULL,
  `ip_address` varchar(45) COLLATE utf8mb4_unicode_ci DEFAULT NULL,
  `user_agent` text COLLATE utf8mb4_unicode_ci,
  `payload` text COLLATE utf8mb4_unicode_ci NOT NULL,
  `last_activity` int(11) NOT NULL,
  PRIMARY KEY (`id`),
  KEY `sessions_user_id_index` (`user_id`),
  KEY `sessions_last_activity_index` (`last_activity`)
) ENGINE=MyISAM DEFAULT CHARSET=utf8mb4 COLLATE=utf8mb4_unicode_ci;

--
-- Dumping data for table `sessions`
--

INSERT INTO `sessions` (`id`, `user_id`, `ip_address`, `user_agent`, `payload`, `last_activity`) VALUES
('5vscL3fHNi8UJnlpZZjq2i90Uzn8hVTxCw463E6S', 1, '::1', 'Mozilla/5.0 (Windows NT 10.0; Win64; x64; rv:84.0) Gecko/20100101 Firefox/84.0', 'YTo4OntzOjY6Il90b2tlbiI7czo0MDoiMXh6NE5PT2s5ZlRWMElFWjV2VGFDeVMzRFpSODlZV3BiMmx6dTU2YiI7czo2OiJfZmxhc2giO2E6Mjp7czozOiJvbGQiO2E6MDp7fXM6MzoibmV3IjthOjA6e319czozOiJ1cmwiO2E6MDp7fXM6OToiX3ByZXZpb3VzIjthOjE6e3M6MzoidXJsIjtzOjU3OiJodHRwOi8vZWMtdWRlbXkuY29tL2VjLXByby9wdWJsaWMvYXIvZGFzaGJvYXJkL2NhdGVnb3JpZXMiO31zOjY6ImxvY2FsZSI7czoyOiJhciI7czo1MDoibG9naW5fd2ViXzU5YmEzNmFkZGMyYjJmOTQwMTU4MGYwMTRjN2Y1OGVhNGUzMDk4OWQiO2k6MTtzOjE3OiJwYXNzd29yZF9oYXNoX3dlYiI7czo2MDoiJDJ5JDEwJGFjeVlRUHdFbllrSjFoWmpLSmZKTWVWUGhJTlhjdnVvdXM0d282YTRveUx4emMyQVVDRHRXIjtzOjIxOiJwYXNzd29yZF9oYXNoX3NhbmN0dW0iO3M6NjA6IiQyeSQxMCRhY3lZUVB3RW5Za0oxaFpqS0pmSk1lVlBoSU5YY3Z1b3VzNHdvNmE0b3lMeHpjMkFVQ0R0VyI7fQ==', 1611511356);

-- --------------------------------------------------------

--
-- Table structure for table `users`
--

DROP TABLE IF EXISTS `users`;
CREATE TABLE IF NOT EXISTS `users` (
  `id` bigint(20) UNSIGNED NOT NULL AUTO_INCREMENT,
  `name` varchar(191) COLLATE utf8mb4_unicode_ci NOT NULL,
  `image` varchar(191) COLLATE utf8mb4_unicode_ci DEFAULT NULL,
  `email` varchar(191) COLLATE utf8mb4_unicode_ci NOT NULL,
  `email_verified_at` timestamp NULL DEFAULT NULL,
  `password` varchar(191) COLLATE utf8mb4_unicode_ci NOT NULL,
  `two_factor_secret` text COLLATE utf8mb4_unicode_ci,
  `two_factor_recovery_codes` text COLLATE utf8mb4_unicode_ci,
  `remember_token` varchar(100) COLLATE utf8mb4_unicode_ci DEFAULT NULL,
  `current_team_id` bigint(20) UNSIGNED DEFAULT NULL,
  `profile_photo_path` text COLLATE utf8mb4_unicode_ci,
  `is_active` tinyint(1) NOT NULL DEFAULT '1',
  `deleted_at` timestamp NULL DEFAULT NULL,
  `created_at` timestamp NULL DEFAULT NULL,
  `updated_at` timestamp NULL DEFAULT NULL,
  PRIMARY KEY (`id`),
  UNIQUE KEY `users_email_unique` (`email`)
) ENGINE=MyISAM AUTO_INCREMENT=3 DEFAULT CHARSET=utf8mb4 COLLATE=utf8mb4_unicode_ci;

--
-- Dumping data for table `users`
--

INSERT INTO `users` (`id`, `name`, `image`, `email`, `email_verified_at`, `password`, `two_factor_secret`, `two_factor_recovery_codes`, `remember_token`, `current_team_id`, `profile_photo_path`, `is_active`, `deleted_at`, `created_at`, `updated_at`) VALUES
(1, 'Emad', '1689241949203794.png', 'hagre09@gmail.com', '2021-01-14 18:36:03', '$2y$10$acyYQPwEnYkJ1hZjKJfJMeVPhINXcvuous4wo6a4oyLxzc2AUCDtW', NULL, NULL, NULL, NULL, NULL, 1, NULL, '2021-01-18 13:50:13', '2021-01-19 14:06:07'),
(2, 'Mohamed Emad', NULL, 'm@m.m', NULL, '$2y$10$VUEkUYoi9ytN4eonpTb4f.nOS67dbX0mY/btR.5wQE8Pm8fdLj9O6', NULL, NULL, NULL, NULL, NULL, 1, NULL, '2021-01-20 07:23:09', '2021-01-20 07:23:09');

-- --------------------------------------------------------

--
-- Table structure for table `user_translations`
--

DROP TABLE IF EXISTS `user_translations`;
CREATE TABLE IF NOT EXISTS `user_translations` (
  `id` bigint(20) UNSIGNED NOT NULL AUTO_INCREMENT,
  `user_id` int(10) UNSIGNED NOT NULL,
  `locale` varchar(191) COLLATE utf8mb4_unicode_ci NOT NULL,
  `fName` varchar(191) COLLATE utf8mb4_unicode_ci DEFAULT NULL,
  `lName` varchar(191) COLLATE utf8mb4_unicode_ci DEFAULT NULL,
  PRIMARY KEY (`id`),
  UNIQUE KEY `user_translations_user_id_locale_unique` (`user_id`,`locale`)
) ENGINE=MyISAM AUTO_INCREMENT=2 DEFAULT CHARSET=utf8mb4 COLLATE=utf8mb4_unicode_ci;

--
-- Dumping data for table `user_translations`
--

INSERT INTO `user_translations` (`id`, `user_id`, `locale`, `fName`, `lName`) VALUES
(1, 1, 'ar', 'Emadeldeen', 'Abdallah54');
COMMIT;

/*!40101 SET CHARACTER_SET_CLIENT=@OLD_CHARACTER_SET_CLIENT */;
/*!40101 SET CHARACTER_SET_RESULTS=@OLD_CHARACTER_SET_RESULTS */;
/*!40101 SET COLLATION_CONNECTION=@OLD_COLLATION_CONNECTION */;
